"","baseMean","log2FoldChange","lfcSE","stat","pvalue","padj"
"1552639_at",2.99585017919142,-0.667788620043123,0.181983063403807,-3.66950972004108,0.000243016098072599,0.0165809926623593
"1552848_a_at",4.26333749200357,-0.597509247594052,0.154084247370186,-3.8778087818318,0.000105401507406411,0.00827548807353843
"1553394_a_at",4.90605676636899,1.62971557039058,0.174030797262737,9.3645239579646,7.63938818231689e-21,1.32033755055837e-17
"1553410_a_at",2.43313755978071,0.667315011095065,0.196759932312922,3.39151880797451,0.000695063924291968,0.0379435588809469
"1553434_at",4.20770037663995,1.62247806571829,0.166463855299283,9.74672887877828,1.90508039150879e-22,4.17149103060709e-19
"1553542_at",3.62705755897683,0.681157138253944,0.167445733155413,4.06792771256665,4.74330902308053e-05,0.00429161571343959
"1553602_at",6.24133627159344,1.52240421270686,0.218458744661497,6.96884079905262,3.19563065585385e-12,1.42025895654377e-09
"1553603_s_at",6.13321563900807,-0.443229618974382,0.122975002455533,-3.60422533136073,0.00031308534840575,0.0203966048298582
"1553613_s_at",7.49565086996735,-0.860188856418896,0.11624535296659,-7.39976983566925,1.36420744139287e-13,8.02520479030725e-11
"1553798_a_at",2.61886870145289,-0.840712058766832,0.201908521913499,-4.16382652301823,3.12957931366778e-05,0.00306077516300005
"1553962_s_at",5.11462490727645,0.601478106497961,0.137235418153704,4.38281978945335,1.17153017414871e-05,0.00131927686525421
"1553972_a_at",5.56950928877612,-0.549390160827117,0.132324810609737,-4.15183032037297,3.29826773194571e-05,0.00319405219623853
"1554020_at",3.31704900387084,-1.04512574919879,0.181912019824783,-5.74522645730309,9.17980462116032e-09,2.34943389180788e-06
"1554063_at",3.92540658149879,-0.553900100539376,0.158646757981376,-3.4914051039379,0.00048048711750377,0.0286691714438023
"1554242_a_at",2.96804830631106,-0.865754918443489,0.185048828295458,-4.67852148223918,2.8895090148336e-06,0.000394073039137202
"1554712_a_at",4.52855138191129,0.635945889964431,0.141986256399899,4.47892567977362,7.50196452532643e-06,0.000896007363033987
"1555203_s_at",4.02726241386789,0.586412710172991,0.159293800078353,3.68132789778728,0.000232022382010471,0.0160156395176195
"1555416_a_at",3.64958985297192,0.743867801591162,0.162042819457924,4.5905631861973,4.42051606188067e-06,0.000576921258486638
"1555487_a_at",4.52256405810756,-0.700982446104216,0.146409295606015,-4.78782746138297,1.68596498236071e-06,0.00024887874087927
"1555788_a_at",2.82100293602896,0.69758683148065,0.18610974522166,3.7482552600876,0.000178068979121803,0.0130940498938559
"1556194_a_at",4.80954159492727,-0.494776275127557,0.144858090247938,-3.41559297296203,0.000636432991419236,0.0354299010223132
"1556420_s_at",4.00447225041172,0.520189764791539,0.156275246360429,3.32867665805361,0.000872596457011299,0.0453129338032192
"1556474_a_at",3.71771053113944,1.42038556961221,0.188091979006035,7.55154779655243,4.30115637989887e-14,2.73428673479571e-11
"1556654_at",4.24137897191874,0.850734608475051,0.154557330814641,5.50433036072116,3.70574087320148e-08,8.39414199864155e-06
"1556655_s_at",4.70856278935679,0.644402255690007,0.143430882576497,4.4927720175348,7.03020338954607e-06,0.000852579804294058
"1556666_a_at",3.75124613659886,0.727677299056436,0.175873855758132,4.13749556987688,3.51117226267062e-05,0.00337534984294877
"1557155_a_at",4.64083618635163,-0.847413220389793,0.14489345199826,-5.84852668428363,4.95946089983693e-09,1.31189390541056e-06
"1557758_at",3.40753339449186,0.586923177082988,0.158929302070635,3.69298278817166,0.000221639029358608,0.015599429827036
"1558164_s_at",2.45556187817282,-0.709861833935807,0.205702081586779,-3.45092197638429,0.000558675053912198,0.0320239754129817
"1558996_at",5.51409014075401,0.461593160496847,0.13110515066659,3.52078585890734,0.000430269939762001,0.0262112201016685
"1559051_s_at",2.72019558882733,-0.709964715079312,0.189916047377272,-3.73830818871747,0.000185262758731162,0.0134925277438099
"1559078_at",5.52519280384563,-0.614017446528864,0.126255757386574,-4.86328274637683,1.15454736993555e-06,0.000178147822304808
"1559258_a_at",4.55057718915701,-1.15348059424269,0.153784557589853,-7.50062693108013,6.35133197082444e-14,3.91142809840741e-11
"1560527_at",2.6976991067136,-1.18213677320422,0.206775855342726,-5.71699617078048,1.08423559320541e-08,2.72191475608905e-06
"1560813_at",4.06658563121703,0.528541157147415,0.157631608625585,3.35301505678874,0.000799363578649551,0.0423469302270073
"1561443_at",2.34875923662612,0.763248393402417,0.192228221710318,3.97053245674097,7.17121855878274e-05,0.0059379497536946
"1561817_at",4.195838644172,0.977678103736377,0.153675004665904,6.36198518986151,1.99162650287574e-10,7.07188891750852e-08
"1564307_a_at",2.8893307834637,-0.734589324514205,0.17940773362038,-4.09452429775723,4.23036050270758e-05,0.00393243935975746
"1565597_at",3.74554225285192,0.520330230605395,0.157134946979747,3.31135906179075,0.000928439948049604,0.0475292494013835
"1566968_at",4.52287797514797,0.606035023565823,0.137155080432638,4.41861155747323,9.93370017943118e-06,0.00114173730057264
"1569112_at",3.26123058849923,0.678817236420574,0.168176674265969,4.03633404800854,5.42928978341702e-05,0.00484140333763798
"1569208_a_at",5.87972888172357,0.458189178587205,0.127561291440977,3.59191392162418,0.000328258284251595,0.0212795592360072
"1569362_at",5.21532749447019,0.59986684596314,0.132421781533382,4.52997111968262,5.89917497726304e-06,0.000733470291967967
"1569872_a_at",3.8748349574749,-0.731730048516021,0.163921517999266,-4.46390478472325,8.04793391069539e-06,0.000946869454197458
"201116_s_at",7.46869055909155,0.500388985441558,0.11570822591426,4.32457572906136,1.5282569968999e-05,0.00164127305928645
"201117_s_at",8.52721329479226,0.379847539595593,0.107806177962362,3.52343016675916,0.000425999340449798,0.0260741802222396
"201124_at",5.44084080648652,0.509429048028803,0.142222493689487,3.58191615695499,0.000341083268083339,0.0218592779320922
"201387_s_at",5.08595387744333,-0.578050486706904,0.144458803066783,-4.0014902133702,6.29447990774258e-05,0.00544058401499487
"201388_at",8.44813548350702,0.36246552081794,0.102906208312002,3.52229011994085,0.00042783565771511,0.0261032733950207
"201525_at",7.42985406438874,0.637358909281516,0.119450622894201,5.33575207762652,9.51493381234093e-08,1.95323750666461e-05
"201820_at",4.23474013669582,-0.905357888030447,0.227854159654042,-3.97340952390371,7.08510784277338e-05,0.00589140169863017
"201860_s_at",8.11084688089296,0.398456730218961,0.113093181933064,3.52326040711096,0.00042627231171586,0.0260741802222396
"201884_at",3.35166659782269,2.00649094805166,0.226805837846561,8.84673413657496,9.01177427475134e-19,9.59973165581215e-16
"201942_s_at",4.57336234099246,0.604292199894634,0.139641505096742,4.32745407231174,1.50842785566516e-05,0.00162885412337498
"201951_at",9.83358020681881,0.407889948919439,0.0990005250974499,4.12007864117829,3.7874310583855e-05,0.00358840883978861
"201952_at",11.4159916989946,0.362241356976074,0.0925098620401631,3.91570529873677,9.01403019930633e-05,0.00731026720731398
"202035_s_at",4.81520624301588,-0.93080961303645,0.149569774045151,-6.22324676879877,4.86970528208353e-10,1.58623606601686e-07
"202036_s_at",6.98924828462783,-0.963484755735377,0.127510012716925,-7.55614978938428,4.1517570094487e-14,2.68257952082641e-11
"202037_s_at",8.61700830873759,-0.825977887861042,0.114872494701448,-7.19038870016489,6.46071252178211e-13,3.44111518018271e-10
"202094_at",3.80098379860791,-0.61135588385901,0.154208613065258,-3.96447300644808,7.35582695175679e-05,0.00606532559574356
"202134_s_at",4.57873972907664,-0.711453497665741,0.14373329207754,-4.94981703530406,7.42832813263562e-07,0.000120983522735413
"202234_s_at",4.38094181074932,-0.56862676502506,0.151833849624863,-3.74505926333272,0.000180351198016707,0.0132371734052709
"202236_s_at",6.8819290830646,-0.436080934472723,0.118142789540725,-3.69113456833016,0.000223255976693331,0.0156573150629732
"202240_at",3.87427546680219,-0.622842425359009,0.154464379176433,-4.03227222146527,5.52401464368301e-05,0.00490347842010919
"202341_s_at",7.0285837408374,-0.418553626911836,0.11483435312081,-3.64484682098136,0.000267551109364665,0.017903666255516
"202342_s_at",7.10754393720088,-0.41208919963711,0.115178027411341,-3.57784560908823,0.000346437975777047,0.0220846797388468
"202363_at",7.2712674504205,0.421463536227771,0.118768249201488,3.54862127766797,0.000387253620313981,0.0241506553655937
"202431_s_at",10.2500275316411,-0.346987045401688,0.0982151262106919,-3.53292877369346,0.000410983180895078,0.0253497513173687
"202580_x_at",6.62838532553911,-0.44240567159849,0.11495768160477,-3.84842200558203,0.00011888113362578,0.00918741372691467
"202965_s_at",2.99622974689878,-1.03388459988896,0.196621776612092,-5.25824055556511,1.45440190496792e-07,2.69125806020683e-05
"202991_at",8.04830666759652,0.702668007183693,0.106391519222547,6.60454904975905,3.98729182531371e-11,1.54073647061681e-08
"203074_at",7.37144686477574,-0.421584833779795,0.117590143971787,-3.58520552437577,0.000336812855746331,0.0217097487205097
"203108_at",8.3863259916397,0.43095826949628,0.107686835275352,4.0019587203425,6.28202604792875e-05,0.00544058401499487
"203128_at",6.69655393679805,0.40560035338952,0.119399231084973,3.39700976048051,0.000681265369426126,0.0375229446884109
"203263_s_at",5.96430704617843,-0.415518859693141,0.125749925879179,-3.30432687564663,0.000952047566824352,0.0482934398955148
"203418_at",5.31071003906268,-0.454672307397655,0.126309945847034,-3.59965562765959,0.000318638885854977,0.0207241469423895
"203431_s_at",6.20122635416895,0.55173352375333,0.12370675239474,4.46001138234384,8.19553002733671e-06,0.000961364941956693
"203453_at",7.29356890851972,0.748816885438901,0.124859574247484,5.99727245549207,2.00659242495774e-09,5.73334147914397e-07
"203571_s_at",8.44267272078151,0.525964185157346,0.11348648313657,4.6345976244977,3.57632429956933e-06,0.000482730294326115
"203636_at",6.30742881762051,-0.459551460536643,0.124296041023901,-3.69723328877608,0.000217962024553383,0.0153956187020557
"203638_s_at",7.47948415370897,-0.71732469607097,0.123373530748866,-5.8142511745986,6.09059060676959e-09,1.60036358783478e-06
"203639_s_at",4.27502123578292,-1.03187793444922,0.173157233813695,-5.95919622716682,2.53481578797542e-09,7.08561911115341e-07
"203649_s_at",3.17141304215187,0.678161247442014,0.185337446333092,3.65906221791365,0.000253139882307364,0.0171725564909853
"203699_s_at",4.04980966957905,0.601152566316322,0.157002295251042,3.82894126073187,0.000128695716208336,0.00977343537309316
"203702_s_at",6.33606001663674,-0.423012194722716,0.118213357944367,-3.57837897576509,0.000345731895163576,0.0220846797388468
"203722_at",4.30260944520791,0.838322205936817,0.153198857380296,5.47211787523841,4.44688876035421e-08,9.79160187712853e-06
"203757_s_at",3.39108046499859,2.61712484712512,0.358621978056258,7.29772575933581,2.92672396506818e-13,1.62470279379151e-10
"203767_s_at",5.5868495660486,0.612765329388799,0.13009932099007,4.70998099548551,2.47739890842329e-06,0.000343817607664069
"203789_s_at",8.86484488432128,0.468903454150322,0.107670095131526,4.35500176328003,1.33065846994876e-05,0.00147321834085844
"203806_s_at",3.17080718333531,-0.696701162556779,0.173061942750319,-4.02573293402773,5.67981237514186e-05,0.00498583797224591
"203819_s_at",4.58927423952628,-0.635939007377789,0.153722261217834,-4.13693503035728,3.51975715173618e-05,0.00337537003354087
"203820_s_at",4.78640617153665,-0.528043293546285,0.149240810348505,-3.53819637077289,0.000402870323243362,0.0249273640821254
"203824_at",3.15409460049863,1.12967145231601,0.201877548941757,5.59582508425403,2.19574993946919e-08,5.27702976306333e-06
"203881_s_at",6.00910487524185,-0.598870690605647,0.131939481688215,-4.53898016683766,5.65269519050531e-06,0.000709539261906294
"203963_at",8.06563202286796,0.555441941828273,0.122308627351631,4.54131449150683,5.59045646507172e-06,0.000703968853400437
"204014_at",8.79173911109612,0.533422082928959,0.106137567774015,5.02576132199211,5.01439228512379e-07,8.37446006465547e-05
"204015_s_at",7.84552166322241,0.520965194182455,0.11192944283133,4.65440710687278,3.24914277097204e-06,0.000440074615721966
"204061_at",6.35858590112007,-0.420531190548177,0.117787818344092,-3.5702434806941,0.000356649565606977,0.0225633803833602
"204069_at",5.23809735036602,0.514326779531466,0.135930294021568,3.78375389558017,0.00015448058103455,0.0115098253703133
"204086_at",4.12270906137426,-0.659493972931671,0.170141004484476,-3.87616127534878,0.000106117362138798,0.00829863037964007
"204197_s_at",4.78727209203464,-0.477579315979599,0.141680572637856,-3.37081723406299,0.000749455611730073,0.0404090882089317
"204259_at",7.91891778520133,-0.488171227221347,0.110481912971306,-4.41856240621151,9.93595915401677e-06,0.00114173730057264
"204268_at",5.60285102454255,-0.647615626421983,0.143425512611031,-4.51534468751255,6.32138618006248e-06,0.00077859723406557
"204284_at",6.11645197053318,0.557083117723045,0.136099354662562,4.09320910524703,4.25443723752195e-05,0.00394551504187506
"204285_s_at",9.02785762641913,-0.379875212130907,0.107178521862309,-3.54432217883103,0.000393623925703912,0.0244319581223527
"204286_s_at",7.47332696339945,-0.418323886942426,0.118852410818075,-3.51969206230697,0.000432048097924069,0.0262384341010466
"204304_s_at",8.1836519450737,-0.382959990558262,0.115565156225376,-3.31380152172694,0.00092036813588588,0.0472951625916637
"204337_at",6.0324619881853,0.460192087821648,0.12533671095339,3.67164643400277,0.000240992931880074,0.0164904434325021
"204364_s_at",5.4410596892311,0.898037869345911,0.14104352031418,6.36709766847493,1.92638517448488e-10,6.90241320610428e-08
"204368_at",3.87515382408333,0.680036463605422,0.156200408288247,4.35361514773063,1.3391070670986e-05,0.00147841921407911
"204385_at",4.51138670179557,0.538655785020793,0.13734024496907,3.92205347487258,8.77974997342451e-05,0.00713494980314543
"204404_at",5.75597694016462,0.538077256863044,0.12810544137755,4.20026855281838,2.66598572257851e-05,0.00266693302714999
"204462_s_at",3.58184846288615,0.708754663389528,0.164793080070853,4.30087636619691,1.70123961648352e-05,0.00180249081301295
"204508_s_at",5.508704076474,0.899297659810184,0.15667187586442,5.74000697220483,9.46726532632568e-09,2.40737287465678e-06
"204521_at",4.42055313674743,-0.561245786389633,0.15420424555226,-3.6396260322121,0.000273034278584864,0.0181473407354871
"204579_at",2.64154417228173,1.41347227504069,0.202392440987465,6.98381949515711,2.8726110179754e-12,1.31652431002887e-09
"204580_at",5.16515137810583,-0.483988764736664,0.128820089815024,-3.75709072576827,0.000171900187342793,0.0127115834595288
"204602_at",3.93067119324133,0.591833379066062,0.171519432313945,3.45053252031982,0.000559481757083495,0.0320239754129817
"204607_at",2.57987808080684,1.84315016826367,0.252958875637864,7.28636290628648,3.1843450331326e-13,1.743163543554e-10
"204623_at",5.1539263205523,2.09705458843965,0.181926273348429,11.5269474267926,9.65051209656296e-31,7.60730567547865e-27
"204624_at",3.31201237236976,0.842125483426892,0.184535520272255,4.56348719305887,5.03108802339678e-06,0.000639662268884389
"204629_at",2.57931980557641,-0.716351365625178,0.196816144165152,-3.63969819987975,0.000272957771304954,0.0181473407354871
"204667_at",6.06615940176603,1.5677362360685,0.147063631526091,10.6602578747714,1.56163838070447e-26,6.83893501523178e-23
"204720_s_at",4.87111444070658,-0.476568863020188,0.144677041989719,-3.29401857036898,0.00098765973100016,0.0494633044950957
"204729_s_at",3.37918950046665,0.540066686489556,0.163553044504148,3.30208886130432,0.000959676621195531,0.0485554484567403
"204733_at",5.13025017138603,-0.773489701758674,0.148139303776504,-5.2213671999271,1.77606972018014e-07,3.22589916825715e-05
"204855_at",6.09410302799863,-0.527779319603927,0.130776021727418,-4.03574992290254,5.44281663585058e-05,0.00484250959109289
"204885_s_at",3.58741291009061,-0.883529284879828,0.167002966446875,-5.29050054425763,1.21982059027154e-07,2.33388391965837e-05
"204913_s_at",5.18745771065742,0.407938865255806,0.12032621448204,3.39027423917418,0.000698227377163422,0.0380198383395181
"204915_s_at",3.64409636514457,0.546342091339888,0.142582952447306,3.83174904125931,0.000127235490888144,0.00969992193010697
"204941_s_at",3.67242216387809,1.11005062011615,0.161904695097665,6.85619783568685,7.071742747004e-12,3.0296268329393e-09
"204942_s_at",7.04602224751994,0.728802499519349,0.115093741214269,6.33225136163177,2.41609444410484e-10,8.42725189557065e-08
"204951_at",4.73731828530972,0.586793786836995,0.14700780654803,3.99158249222145,6.56338494808193e-05,0.00557136453874524
"204988_at",2.60245236659959,1.06111869854323,0.205957349797429,5.15212833912899,2.57546678594931e-07,4.53167178131277e-05
"205005_s_at",7.24807611534731,-0.39302266306639,0.117027986411939,-3.35836473920819,0.00078405082559365,0.0418734136042658
"205006_s_at",6.11019248970779,-0.440093329562556,0.12964706838502,-3.39454902486177,0.000687417313114643,0.0377351893859339
"205009_at",5.27794401920427,1.52514469929896,0.19085773922027,7.99100264694415,1.33845683650121e-15,9.76924773219606e-13
"205029_s_at",5.81829728147045,-0.706371916392782,0.131541284293393,-5.36996365960114,7.87525100195983e-08,1.65986707481949e-05
"205030_at",5.69998867076929,-0.822951336133181,0.13850609683479,-5.94162535036129,2.82209815273188e-09,7.72431781887321e-07
"205044_at",7.31645845729621,-1.14477178457466,0.124447835711578,-9.1988083041299,3.61941351333242e-20,4.91915738670634e-17
"205066_s_at",7.97575671385276,0.595481160012073,0.111807261748203,5.32596139732974,1.00420458193303e-07,2.04019172125301e-05
"205073_at",3.94838080125841,0.674295048970913,0.148810189916472,4.53124244616177,5.86377955713882e-06,0.000731376605902119
"205081_at",8.81504490532165,0.368124598499901,0.106460508174245,3.45785122401809,0.000544501984448712,0.0316533941225097
"205143_at",2.48961219120711,-0.833398737744174,0.208502666353107,-3.99706513264814,6.41326595035024e-05,0.00550803766197843
"205150_s_at",6.49991928069999,0.676827818467052,0.121980185814107,5.54867017089573,2.8785062732697e-08,6.67373213262658e-06
"205151_s_at",6.13924251748123,0.65555286871307,0.12491150181762,5.24813855548888,1.53643728044328e-07,2.82977284913044e-05
"205161_s_at",5.04089160586465,0.619219108827983,0.140266056291188,4.4146041116498,1.01195006377909e-05,0.00115608695112432
"205229_s_at",3.50880544435741,-1.07038505716889,0.17821823457379,-6.00603557615032,1.90114492990139e-09,5.50968575493629e-07
"205239_at",6.83720964255491,0.51857490213163,0.133139774187663,3.89496606326437,9.82124794529458e-05,0.00785181879342476
"205306_x_at",4.49492207075202,0.868521210146814,0.137782174379745,6.30358182440248,2.90844552892482e-10,9.96812800669939e-08
"205307_s_at",3.46364734294386,0.863936352363577,0.162537801965542,5.31529491549746,1.0648472083098e-07,2.10903959137299e-05
"205334_at",5.92492414369641,-0.51489167647112,0.128040154839062,-4.02132969237895,5.78705408704241e-05,0.00506868777303754
"205336_at",3.08103560895148,0.864282314089014,0.210458356251871,4.10666665596619,4.0140987160247e-05,0.00374909210410894
"205350_at",4.07810001079907,-1.17143982605395,0.166140861467069,-7.05088330293836,1.77785554024922e-12,8.75904978292285e-10
"205363_at",4.52242359847057,-0.620236686890672,0.150668835201313,-4.11655592918042,3.84576037828129e-05,0.00362536496190014
"205364_at",5.10322173158609,1.00817270992321,0.143723493972849,7.01466880643512,2.30494288637016e-12,1.0815121300404e-09
"205366_s_at",4.00996989609396,0.708257499448381,0.160771076240954,4.40537885301513,1.0559915614195e-05,0.00119944816719851
"205376_at",5.86840786973701,0.75897562702068,0.137437773469283,5.52232190512248,3.34548836221496e-08,7.66622548304305e-06
"205428_s_at",5.3951494441763,-0.492375050516325,0.133639717432176,-3.68434668957012,0.000229289982648567,0.0159274803764684
"205440_s_at",3.8640126006759,-0.709387284970176,0.199904240338174,-3.54863550553064,0.000387232698666283,0.0241506553655937
"205471_s_at",4.99041180726617,0.691725584316463,0.1542864180866,4.48338611327539,7.34678201700004e-06,0.000882528964031464
"205475_at",4.24715683941672,-0.781754396739964,0.157084704380107,-4.97664237791292,6.46966927286712e-07,0.000106692696535893
"205476_at",4.22404700469033,-0.513211990225036,0.148940424349911,-3.44575351161434,0.000569469536637547,0.0324395665906763
"205487_s_at",4.30840578692125,-0.570302925390846,0.150106032804367,-3.79933380914891,0.000145085565341427,0.0109338479395163
"205489_at",2.86127999931307,0.960487143649549,0.173990868209877,5.52033077098597,3.3836212227101e-08,7.70878883652577e-06
"205528_s_at",4.44409287116561,0.54787552029805,0.149878951260663,3.65545338881649,0.000256727852697569,0.0173860336533024
"205529_s_at",5.61567481676795,0.513793544950364,0.134032567726822,3.83334851867906,0.000126410656559602,0.00969328719385247
"205543_at",4.46043784667399,-0.634849096180208,0.152820629945126,-4.1542107005328,3.26412299446305e-05,0.00317659614083375
"205549_at",4.24105378372553,-0.52437681051252,0.152635667634344,-3.43548017733787,0.000591504734626433,0.0332575857497379
"205569_at",7.34998105744925,-0.369118422185283,0.110687577391557,-3.33477731543015,0.000853677323512853,0.0446837158418799
"205593_s_at",5.51335300703696,-0.453828783507853,0.131854585412868,-3.44188851746647,0.0005776682666324,0.0328545700736644
"205595_at",2.60760630975322,-1.56101227441818,0.260781398299089,-5.98590346013815,2.15191984188066e-09,6.10185385956001e-07
"205597_at",5.84107447327132,0.887591232980092,0.138252884485976,6.42005580050031,1.36224402372739e-10,4.97143388436955e-08
"205608_s_at",2.90038367102287,-0.642945977862987,0.188051455706368,-3.41898963476737,0.000628541207097706,0.035089692827973
"205609_at",3.91397891193461,-0.561999947956701,0.164353847104286,-3.41945112851603,0.00062747602769175,0.035079915114103
"205613_at",6.05981322380308,0.459564982054889,0.13503108301243,3.40340143767183,0.000665524199768588,0.0369450293094072
"205624_at",4.47263227959144,0.855025483781455,0.169694315752499,5.03862183002358,4.68895912233363e-07,7.86428233394288e-05
"205632_s_at",2.86135346718176,0.609914694354894,0.173310916778621,3.51919374550403,0.000432860471978664,0.0262473271424108
"205671_s_at",3.40785049701105,-0.794733595172257,0.167438897776789,-4.7464096200138,2.07059181330628e-06,0.00030226039159131
"205680_at",2.76554884294688,0.725438782069008,0.194370944112968,3.73223881470362,0.000189785440873108,0.0137153912808799
"205683_x_at",6.08909783798031,0.489994145767671,0.134086867192535,3.65430378102644,0.000257880794429171,0.0174341571726095
"205776_at",4.20734928371055,0.702397268494524,0.15693131423047,4.47582607676999,7.61164303994802e-06,0.00090363041800154
"205780_at",7.27085104888453,0.491518823337434,0.115428719297779,4.25820217297421,2.06077536963955e-05,0.0021151927192441
"205819_at",3.87491917176244,-0.701192702109126,0.152089358206882,-4.61039950708001,4.01895881441816e-06,0.000533344251553796
"205830_at",5.04616878327797,0.502949648853347,0.147904886056096,3.40049380561094,0.000672642598948432,0.0372353025210021
"205861_at",2.92874228022338,-0.704326716925361,0.189280254001335,-3.72107867585803,0.000198373617993133,0.0142417081595289
"205879_x_at",3.39064934902207,0.710431752035929,0.179835153914363,3.95046094477297,7.80008257552865e-05,0.00639152712332404
"205926_at",5.67674657569292,-0.458489375318894,0.130445504518542,-3.51479628992291,0.000440091434862344,0.0266039322295467
"205979_at",3.37416851130689,0.998097158231876,0.235844627043822,4.2320114337242,2.3161063151853e-05,0.00234670987934996
"206032_at",4.39266541478316,-0.584573295123536,0.155255444121003,-3.76523540564497,0.000166392243434322,0.0123274133133842
"206033_s_at",3.90289470879327,-0.818617626764958,0.178829940342725,-4.57763182829502,4.70269428727655e-06,0.000607711451274485
"206043_s_at",4.99018160879826,0.609984909766534,0.135814070854648,4.49132336530401,7.07819893864452e-06,0.000853150253723961
"206157_at",5.72160767035302,-0.881163765119557,0.138580061059037,-6.35851765676573,2.03709972720925e-10,7.16877220073443e-08
"206164_at",4.17920781261994,1.21368280953085,0.148856224361971,8.15338972040265,3.53862943629501e-16,2.90565709587774e-13
"206165_s_at",3.47540211544401,2.09058030601978,0.223373426485747,9.35912717510817,8.0398084978436e-21,1.32033755055837e-17
"206166_s_at",3.75116795389848,1.49063447047451,0.163944373694883,9.09231855219823,9.69491635652683e-20,1.23263042992306e-16
"206191_at",2.41630335682605,0.814782973755356,0.219721338728223,3.7082560049535,0.000208691614975848,0.0148204888516362
"206197_at",3.54282431330059,0.643169968681731,0.186299034298164,3.45235267109524,0.000555720862770769,0.0320233819039394
"206224_at",5.26109914216775,0.618267150617925,0.14142012928818,4.37184687731438,1.23199920630684e-05,0.00137558121012402
"206227_at",8.28602767894523,0.390893799401,0.113408894442198,3.44676492371796,0.000567342009006285,0.0324075622361938
"206276_at",2.92255993224816,-1.06231466155696,0.199323085212436,-5.32961177289003,9.84229319884743e-08,2.00996965875323e-05
"206373_at",4.38742997816962,-1.14834805194691,0.156885536759911,-7.31965530834289,2.48608702835779e-13,1.39980905908134e-10
"206378_at",5.7340121197072,1.90635981836491,0.236622874251793,8.05653225366676,7.8489291636543e-16,6.06583713835825e-13
"206453_s_at",7.86812418379639,-0.391577396595765,0.113186471988102,-3.45957771911936,0.000541023120494873,0.0314976148761964
"206463_s_at",4.19612688167778,1.13420770566604,0.190789014457659,5.9448271111949,2.76748793253832e-09,7.6278160400745e-07
"206482_at",5.75598529586601,0.462399718854158,0.129765986390073,3.56333529083805,0.000366172486489154,0.0229814050676489
"206509_at",7.12517054800507,1.75519025239704,0.145915159104041,12.0288410277205,2.50654582872936e-33,3.29309990978463e-29
"206560_s_at",4.60142811536404,-1.14452059423638,0.156180678333261,-7.32818301502177,2.33293993080767e-13,1.3326158613457e-10
"206561_s_at",2.995818203515,1.10895723826238,0.180623119485746,6.13961956486915,8.27193435189208e-10,2.54710953551152e-07
"206714_at",4.00993549371344,0.95292214952186,0.160414448064678,5.94037607596075,2.84368954827405e-09,7.72973654177059e-07
"206766_at",2.76570808027816,-0.68571908589731,0.200352597969553,-3.42256148832927,0.00062034065435161,0.0347302649866681
"206793_at",4.50004321707988,1.176067025636,0.143965660468083,8.16908019462551,3.10749550281624e-16,2.66258321191303e-13
"206799_at",4.25255033315395,1.84534137769317,0.261869322979682,7.04680241540298,1.83075987182007e-12,8.79970360828246e-10
"206898_at",4.02132107736278,-0.565707189924144,0.161138313620734,-3.51069324987248,0.000446939814984796,0.0269765480364636
"206999_at",3.70046426415945,-0.658403231156757,0.161037458615861,-4.0885098213535,4.34153168652542e-05,0.00400742692957173
"207018_s_at",4.06038620121548,0.609479008279255,0.156651103805192,3.89067803210113,9.99645017411961e-05,0.00794681286935421
"207039_at",5.92457690383287,-0.798081646049527,0.129164211928089,-6.17881403940164,6.4584914575638e-10,2.05286276055177e-07
"207056_s_at",3.90320601283182,0.842391841689614,0.167035347118594,5.04319508547805,4.57822059247591e-07,7.72361426970308e-05
"207134_x_at",5.8300085273381,0.465047621090149,0.136751608894314,3.40067385568789,0.000672199756631301,0.0372353025210021
"207357_s_at",5.44624594783323,0.636362357322479,0.135467818431709,4.6975168323337,2.63343488559476e-06,0.000361652273800808
"207522_s_at",5.32270267325892,0.596713070655044,0.134367303991545,4.44090975206729,8.9579359773601e-06,0.00104458014382151
"207741_x_at",5.23851351430193,0.495943462971401,0.145560745557366,3.40712367934354,0.000656513708600747,0.0364962359813679
"207746_at",3.86356656371653,-0.504062069886713,0.152262274475352,-3.31048561847348,0.000931342379534623,0.047549130242199
"207802_at",3.44666671053033,0.8515431397622,0.238013708735492,3.57770627703016,0.000346622648201637,0.0220846797388468
"207847_s_at",8.96682443881394,0.354283758879885,0.105223961827971,3.3669494355202,0.000760046228607458,0.0408682974820387
"208083_s_at",4.37072872453673,0.708047195058281,0.15090940314416,4.69186929579135,2.70720067923138e-06,0.000370491692955645
"208084_at",4.39304087061719,0.495947704608464,0.140198643621467,3.53746435627089,0.000403988710154454,0.0249573840470653
"208103_s_at",6.86519371709225,-0.532176242123038,0.11305671366024,-4.70716178538803,2.51189550555426e-06,0.000347381927915493
"208161_s_at",5.79523512886172,0.717508929014016,0.128324638481147,5.59135749382554,2.25301164213585e-08,5.35121739563814e-06
"208228_s_at",6.39241822944997,-0.760784538592871,0.133923018292838,-5.68076009853159,1.34097457040562e-08,3.34513745050424e-06
"208358_s_at",3.37951883636366,-1.24584014868692,0.178828934359557,-6.96665868500905,3.24556780087355e-12,1.42134232559589e-09
"208425_s_at",4.36483069993583,0.643497493573816,0.146220608014546,4.40086730804595,1.07819046579814e-05,0.00122114364997035
"208451_s_at",8.09949264920833,0.491675150458838,0.113615858107515,4.32752221959688,1.5079613693849e-05,0.00162885412337498
"208607_s_at",5.54153991154277,-0.483054102104804,0.138401719595781,-3.4902319387044,0.000482601500446706,0.0287330144087711
"208891_at",8.31870409819048,0.395169417698608,0.104090996496566,3.79638423109578,0.000146821879125961,0.0110225477026107
"208892_s_at",8.08785176787288,0.432807807568091,0.105761149568211,4.0923137592122,4.27090231404643e-05,0.00395148694379873
"208893_s_at",6.6745092843093,0.557348380139141,0.115272772529159,4.83503925437517,1.33119363576753e-06,0.00020102554007717
"209074_s_at",3.96490295329312,-0.567669242267191,0.162750813804441,-3.48796561441034,0.000486710667919869,0.028846938744953
"209114_at",4.87737720815377,0.923828252216433,0.151787592234286,6.08632259473813,1.15533541969731e-09,3.44972653272348e-07
"209167_at",6.99557070847811,-0.405713597666263,0.11380466760177,-3.56499962801133,0.000363856704581172,0.0229145864526202
"209168_at",5.19823465264192,-0.454864196497004,0.135621448487963,-3.3539252202971,0.00079673891624797,0.0422646940040343
"209169_at",4.68589004451406,-0.58252251756376,0.141469225702245,-4.11766244334875,3.82734740316796e-05,0.00361753166782883
"209173_at",7.95870156964393,2.0945913662665,0.143502237322363,14.5962279428523,2.96819790553307e-48,1.1698855224868e-43
"209243_s_at",4.33715680733939,-0.635109180148533,0.158492389176082,-4.00719039854297,6.14453281982935e-05,0.00533437481411352
"209283_at",8.51554342603236,-0.53787482310188,0.108962335634574,-4.93633712942557,7.9603455962218e-07,0.000127986678019937
"209292_at",5.07997570394337,-0.531526487677722,0.147159033865974,-3.61191884530727,0.000303939691623685,0.0199991302264706
"209293_x_at",3.19903439407798,-0.650445683232835,0.17877739372117,-3.63829939397875,0.000274444276334903,0.0182103479923634
"209395_at",8.73045559406417,-0.550145830754988,0.103428608159518,-5.31908763488819,1.04288896990531e-07,2.07598110403273e-05
"209396_s_at",7.13651942644097,-0.719610665435383,0.115086497998765,-6.25278097734026,4.03207423598023e-10,1.32433478280771e-07
"209425_at",4.3253679661305,0.510974389674605,0.150616849995959,3.39254465677854,0.000692466435519147,0.037854191525037
"209457_at",6.30241804065042,0.433432468737511,0.125567217433934,3.4517963971413,0.000556867760177615,0.0320239754129817
"209504_s_at",5.18743449135321,-0.741359818880395,0.138286535901287,-5.36104121813853,8.27436335798606e-08,1.70746469838567e-05
"209505_at",6.8767203821244,0.755397663272416,0.121724320447189,6.2058071919995,5.44168619600198e-10,1.74372861568473e-07
"209506_s_at",5.23757288434493,0.447445140765075,0.135140386048748,3.31096538827166,0.000929747076888078,0.0475292494013835
"209522_s_at",9.24769824496376,0.358113893401371,0.101828920355317,3.51681911338925,0.000436751309777474,0.0264425746905828
"209535_s_at",3.52565172035966,-0.692627964250306,0.168101055421708,-4.12030705287805,3.78367813907084e-05,0.00358840883978861
"209602_s_at",8.67918552850474,0.549769291056907,0.111405886855651,4.93483160157637,8.02199438342164e-07,0.00012800764640817
"209603_at",7.6653113637868,0.581278592179317,0.12251409229387,4.74458555171779,2.08933664092272e-06,0.000303871270720767
"209604_s_at",11.9908810840977,0.360330231836298,0.0921503476173361,3.91024278424436,9.22033984904936e-05,0.00744693595923015
"209616_s_at",5.31669875533193,0.520203833814399,0.135903007864719,3.82775806060321,0.000129315773686774,0.00980163827709714
"209641_s_at",3.95359201606442,0.999016830641167,0.158166110418775,6.316250858013,2.67984918782967e-10,9.26522595518585e-08
"209644_x_at",8.45348784292215,-0.369400789652265,0.105516617881185,-3.50087784341441,0.00046372835208539,0.0278194661630039
"209686_at",4.08881778202431,-0.734946639226643,0.162019937577117,-4.53614937900361,5.72906090034426e-06,0.000716841924844979
"209696_at",6.34235016504382,0.772106266189064,0.129778356544901,5.9494224364132,2.69090320203595e-09,7.46896188767921e-07
"209747_at",5.75075016112665,0.50191861009092,0.133797097043401,3.75134155510195,0.000175890893342333,0.0129580629349434
"209757_s_at",4.65785427934023,0.566044025975935,0.134125730045588,4.22024935695442,2.44032241172805e-05,0.00245364457999616
"209792_s_at",4.14496876518184,-1.1788408123754,0.175131763494085,-6.73116508882304,1.68309864842894e-11,6.83893300300808e-09
"209800_at",5.11351560677995,-0.610950501108452,0.137908619791395,-4.43011105493331,9.41845729960569e-06,0.00109182081178429
"209832_s_at",3.47997644887254,-0.577424296061162,0.167227997315232,-3.45291640952138,0.00055456082041508,0.0320233819039394
"209834_at",3.10865624531138,-0.772545100137797,0.187166074367234,-4.12759151331027,3.66582561704088e-05,0.00348997224323791
"209842_at",4.69172201445753,-1.11193135527258,0.155158613517169,-7.16641719120247,7.6985930337186e-13,3.94067981598682e-10
"209900_s_at",5.88472578016679,-0.451587209945962,0.129758924741463,-3.48020154178778,0.000501036720421343,0.0295626666148006
"210013_at",4.48891318554848,0.580838637237566,0.146420600407737,3.96691883259669,7.28077739298854e-05,0.00601602851503669
"210021_s_at",4.29732951882708,0.51138739749131,0.153719255122859,3.32676213583384,0.000878613376228318,0.0455653521192933
"210029_at",5.70598080648091,-0.432084513768326,0.129717255086158,-3.33097176224811,0.000865433808987947,0.0451193229463637
"210056_at",4.35950930804921,0.70925516605566,0.149546912434596,4.742693476643,2.10895250523215e-06,0.000305596522210368
"210073_at",5.19822775188553,-0.600271359334712,0.135879672769713,-4.41766856733635,9.9771253669477e-06,0.00114313493957232
"210130_s_at",6.70750087475606,0.549298479683867,0.120810282561354,4.54678582019626,5.44713798387158e-06,0.000690332786161783
"210145_at",4.01037617982991,-0.628281574902274,0.154951167549054,-4.05470694309789,5.01971943766795e-05,0.00449652777082374
"210147_at",5.01246990119036,-0.79814342786028,0.141879456420765,-5.62550384668283,1.84967284182263e-08,4.52813698059611e-06
"210319_x_at",4.97872285053767,0.510370569393031,0.147497412761248,3.46020014750469,0.000539774022499553,0.0314713806550257
"210347_s_at",5.80099920444072,-0.507448327509393,0.124237257937635,-4.08451004097437,4.41699165699246e-05,0.0040540798070379
"210567_s_at",3.93628803920932,-0.524959785724415,0.154460018507867,-3.39867747521781,0.000677125149986274,0.0374308704930701
"210663_s_at",5.19889560460113,0.540800197315067,0.126148384421638,4.28701643540275,1.81088899817305e-05,0.00190732226267752
"210683_at",2.95102329881889,-0.835061501412919,0.18131948269127,-4.60547035000517,4.1153462185141e-06,0.000544302872001727
"210735_s_at",5.73984743834929,0.919911937747605,0.153390080647048,5.99720616787687,2.00741138712607e-09,5.73334147914397e-07
"210761_s_at",7.7163361529626,0.903473880747094,0.106406841907953,8.49074988550681,2.05307997459332e-17,1.92666890758621e-14
"210791_s_at",4.17910254710638,0.700763758422113,0.152185360190687,4.60467260151739,4.13115263846103e-06,0.000544566053820412
"210904_s_at",6.82093362606759,0.385084886037043,0.115786391359758,3.32582164030444,0.000881583213175183,0.0455993710814785
"210930_s_at",4.7539647915392,1.64517679078538,0.142644659993643,11.533392072712,8.95446500048804e-31,7.60730567547865e-27
"211110_s_at",5.94244608017014,1.44800644554057,0.146401542272025,9.89065021494148,4.57049570802413e-23,1.05965598727096e-19
"211138_s_at",4.44983328371903,0.839338578320842,0.137337862049674,6.11148714414427,9.8706955224792e-10,2.9926430255615e-07
"211343_s_at",4.03268554136189,0.53265309485285,0.151186680405956,3.52314829204932,0.000426452680790777,0.0260741802222396
"211401_s_at",3.55948837309313,-0.620568413332713,0.174075614370822,-3.56493593646469,0.000363945073307461,0.0229145864526202
"211421_s_at",5.11997111903797,0.781334199601995,0.148363933285734,5.26633516851581,1.39174090967229e-07,2.61209886732493e-05
"211519_s_at",5.24844911294104,-0.437622301623761,0.128960809738591,-3.39345187511492,0.000690176843746785,0.0377814307214386
"211597_s_at",7.00168742189603,0.377070828874821,0.113367858361886,3.32608231577559,0.000880759137880479,0.0455993710814785
"211612_s_at",6.56738382350938,0.408482014993541,0.117754893890213,3.46891752434835,0.000522559847468179,0.0306035272334485
"211621_at",4.03841137288498,1.19825911756185,0.172130390329961,6.96134549666027,3.37038062000591e-12,1.45978221710893e-09
"211657_at",5.62677550361759,1.51615330490806,0.156639752879475,9.67923708405395,3.69462642326445e-22,7.66421083402869e-19
"211682_x_at",2.97385440382666,1.66959653911635,0.239204326794647,6.97979238707363,2.95616588012747e-12,1.33924508045223e-09
"211708_s_at",5.58102290254957,0.442902714796228,0.127662360812217,3.46932887640788,0.000521760332259519,0.0306021752018998
"211726_s_at",5.81255590079509,-0.449599751175469,0.132919976247537,-3.38248443814179,0.000718333476076291,0.038890653332515
"211767_at",3.09755482897192,-0.558047973666625,0.167416534467103,-3.33329067790661,0.000858252248885364,0.0448635996519466
"211828_s_at",4.20171158206323,0.741789493200584,0.150291996850979,4.93565531593874,7.98820794461474e-07,0.000127986678019937
"212173_at",4.52780845819479,-0.485436997067056,0.145117422201871,-3.3451324431037,0.000822432871501354,0.0432781965251727
"212218_s_at",8.45901144749481,0.355176577156449,0.106880055560504,3.32313241505928,0.000890126504552554,0.0459809253609887
"212256_at",7.00065455724391,0.69990222874548,0.122196981759455,5.72765561528546,1.01828016582271e-08,2.57272400357285e-06
"212310_at",6.06579658946802,0.437488631430535,0.126400486571603,3.46113091251993,0.000537911162514257,0.0314417549252787
"212444_at",8.2285437063577,0.471557116460575,0.110689640383892,4.26017389545336,2.04267915013833e-05,0.00210209284656794
"212458_at",6.86569422890225,0.63166162826875,0.118669737032978,5.32285352661741,1.02151997238998e-07,2.04376589805984e-05
"212510_at",7.24266202692458,0.495947300022727,0.118824754600272,4.17377087536262,2.99599069227662e-05,0.00293741236680076
"212730_at",8.24532664661354,-0.554870529019781,0.110514342131597,-5.02080108624324,5.14564247959064e-07,8.55739884770403e-05
"212771_at",7.95794592837439,-0.520111445502439,0.109993457750315,-4.72856709971872,2.26109902335059e-06,0.000321729086304478
"212816_s_at",5.28231505998747,-0.476804562244565,0.13379124941882,-3.56379482451783,0.000365531711538134,0.022977778115732
"213043_s_at",7.86817277093201,0.395074144083502,0.108216764534776,3.6507665497294,0.000261458809133036,0.0175713853802224
"213059_at",6.65161769425209,0.510069457750728,0.119010277144919,4.28592782058322,1.81978070831991e-05,0.00190757544781173
"213060_s_at",4.83827894914301,-0.905844670787019,0.154334862957964,-5.86934574227561,4.3751820693384e-09,1.16515828433043e-06
"213107_at",4.29728045635569,0.812915201936288,0.151418992728389,5.36864753416021,7.93292821947319e-08,1.66312996192722e-05
"213109_at",2.96245763839172,0.698049672668031,0.17642365600115,3.95666708473312,7.60027345752087e-05,0.00624077454280683
"213110_s_at",7.84527794622948,0.419642439673242,0.116386886217054,3.60558180833739,0.000311454352436334,0.020323943455175
"213172_at",3.32291860768232,0.589650544093559,0.169249774991742,3.48390740325846,0.000494150417431638,0.0292000667955781
"213256_at",4.18477819514101,-0.536729323245602,0.158007649452344,-3.39685657691834,0.000681646836070995,0.0375229446884109
"213260_at",6.33546687016125,-0.673175309540368,0.124841638866111,-5.39223383844172,6.95871287703683e-08,1.49874704554934e-05
"213338_at",8.08782473557597,-0.418940583974613,0.107662042996992,-3.89125612251586,9.97265942256059e-05,0.00794681286935421
"213385_at",2.7486066841896,0.713043653426447,0.190758988321052,3.73792951882497,0.000185541940354822,0.0134925277438099
"213441_x_at",7.44544306715509,0.539936291199748,0.114742136687104,4.70564961390016,2.53058834633996e-06,0.00034874338840085
"213456_at",3.28351429758951,-0.780005150797445,0.178604608632832,-4.36721737903722,1.25839469884831e-05,0.00140108386046348
"213492_at",4.10638126317404,-0.640668275262872,0.188595245667344,-3.39705422051265,0.000681154689621869,0.0375229446884109
"213547_at",4.94485521034415,-0.585995682989695,0.144113924300632,-4.06619752972147,4.77864366931701e-05,0.00430996479593731
"213557_at",5.47475288936669,0.679117879734774,0.133875342473896,5.0727629687834,3.92080759642752e-07,6.68981431193048e-05
"213664_at",6.01551928934306,0.646768476469287,0.133002042398904,4.86284619998148,1.15709754173722e-06,0.000178147822304808
"213680_at",5.26620283688565,-0.820924256051277,0.183127243060608,-4.48280792268348,7.3667232243962e-06,0.000882528964031464
"213707_s_at",3.57076366463833,-0.558043574936485,0.166239422943267,-3.35686665086013,0.000788311226093725,0.0419871603584569
"213765_at",7.18767732458978,0.422165041804625,0.114900424369759,3.67418174580508,0.000238612849872474,0.0163559771563021
"213885_at",4.87725501241842,0.509492504459543,0.142751312132706,3.56909156804039,0.000358221214307772,0.02262649189219
"213906_at",7.92406626003339,-0.656938105078481,0.113474191922961,-5.78931732357684,7.0673071508547e-09,1.84470757644892e-06
"213912_at",2.69789529266157,1.23608178854079,0.200314344330682,6.17071030370269,6.79838837291603e-10,2.1436134346409e-07
"213913_s_at",4.25236888340256,0.791401685095679,0.150908111635227,5.24426206464398,1.56909046480643e-07,2.87647123627352e-05
"214079_at",4.70306882398301,1.44486737583585,0.215377253216151,6.70854212438945,1.96578426100635e-11,7.90606335339841e-09
"214133_at",2.70317868224259,0.69003471606248,0.182297390768227,3.78521444083525,0.000153576092156859,0.0114641062429364
"214164_x_at",6.83763331464858,0.577735488650741,0.132452568324634,4.36182926430495,1.28979506598306e-05,0.00143199951353962
"214203_s_at",5.11980887962709,0.679402637583477,0.133275303920721,5.09773842262346,3.43735344176461e-07,5.94209862077676e-05
"214240_at",4.29116192318132,-0.726439318434598,0.146183858802759,-4.96935382869294,6.71763890147918e-07,0.000110320424859542
"214243_s_at",5.57595521707385,1.25316213616986,0.140357336656485,8.92836930382121,4.32334278201242e-19,4.73333978917326e-16
"214279_s_at",5.00778423441105,-0.652048493658724,0.14254961403998,-4.57418631435821,4.7807427718191e-06,0.00061377262413185
"214295_at",8.74132789728124,0.415981658072124,0.104534300368929,3.97937955870957,6.90953533771173e-05,0.00579271355295332
"214297_at",2.72601899167718,-0.638558518044396,0.193464313504943,-3.30065274817766,0.000964601897760338,0.0486637407293251
"214404_x_at",6.83725159616805,0.788398735289355,0.121278385209256,6.50073575706865,7.99281205238454e-11,2.97196881351589e-08
"214428_x_at",8.80314953575899,0.359928763859266,0.108121458416059,3.32892997497531,0.000871803206120832,0.0453129338032192
"214440_at",8.40345440856479,0.451275776449519,0.115766929297033,3.8981406796378,9.69341008076265e-05,0.00776722578333961
"214451_at",6.05506784856337,1.60747085138447,0.172578766465508,9.31441847862403,1.2262240069926e-20,1.85886126967716e-17
"214746_s_at",4.92797483788219,0.561535566975945,0.14057903935603,3.99444731980137,6.48453368202835e-05,0.00553206516327847
"214769_at",3.28327636556577,-0.747984724585194,0.180855538256183,-4.13581321201052,3.53699815425974e-05,0.00338367100126198
"214774_x_at",6.13431882833509,1.25686546248963,0.131324060209035,9.57071735742114,1.06166447155874e-21,2.09222217410082e-18
"214797_s_at",5.27684652972189,-0.443337551948761,0.13468583679942,-3.2916419609064,0.000996043315268623,0.0498198619644639
"214838_at",4.70826811989034,-0.464405531495898,0.140925150369511,-3.29540561268312,0.000982797125128218,0.0494081197574025
"214844_s_at",3.17109989531294,-0.794287286660101,0.18585251826988,-4.27375046652153,1.92212142029643e-05,0.00199364456998851
"214858_at",3.70083551162447,0.999197936609399,0.182445370804411,5.47669657061664,4.33339344284457e-08,9.59530163799303e-06
"214877_at",5.36144605657517,-0.504060230264713,0.13536062106028,-3.72383213313005,0.000196221423146328,0.0141129035983383
"214974_x_at",3.78997419278706,-0.684626564135255,0.167823019877596,-4.07945563507675,4.51412834656013e-05,0.00412807087358053
"215033_at",4.61299785478186,-0.597766582119156,0.148264667663053,-4.0317534281171,5.53622544514282e-05,0.00490347842010919
"215078_at",3.19920334986153,-0.594047400833228,0.179040789891197,-3.31794448178112,0.000906825069454537,0.046660056511072
"215108_x_at",5.52589885351345,1.26755405826972,0.138674604970618,9.14049157405774,6.2169086594657e-20,8.16777459680603e-17
"215145_s_at",4.52832982455502,0.890382619996492,0.142234716301098,6.25995286630048,3.85093846541959e-10,1.2754696527399e-07
"215304_at",5.82952339368747,0.667559044123485,0.146199116759216,4.56609491850029,4.9689384162052e-06,0.000633804979729164
"215465_at",3.59332942568274,1.08740178634857,0.165308772229853,6.57800412936701,4.76804991127781e-11,1.80699922310677e-08
"215501_s_at",6.51054007681866,0.420735303756258,0.11887090466995,3.53943048489827,0.000400991364385561,0.0248501157797052
"215659_at",3.1490225145864,1.53996153726132,0.180143471137383,8.54852816778966,1.24668040468073e-17,1.19845515780698e-14
"215729_s_at",6.82582275767404,-0.51252357845523,0.11715218201894,-4.37485302981699,1.21514319997496e-05,0.0013644915693394
"215867_x_at",6.92792264742747,0.600277682191822,0.132050437410352,4.54582123288568,5.47214676888232e-06,0.00069127946393823
"215945_s_at",5.81203014528989,-0.463615264607806,0.128400651456829,-3.61069246415533,0.000305380591877983,0.0200604510804647
"216005_at",3.16001533694052,0.807603780298,0.170415341590117,4.7390321362055,2.14741449389863e-06,0.000310030017811431
"216006_at",6.99545162554405,0.39520229006461,0.114952264578824,3.4379687213001,0.000586095394940669,0.033006403502873
"216092_s_at",7.7217998886362,0.433210380601069,0.11574569322827,3.74277753684282,0.000181997343765567,0.0133001782120993
"216176_at",4.88336800945129,0.575013537003966,0.141217172838672,4.07183861173079,4.66434938060465e-05,0.00423596005730764
"216474_x_at",6.46087410967754,0.557342741901312,0.130021308859329,4.28654923405137,1.81469997590721e-05,0.00190732226267752
"216604_s_at",6.07729428859063,0.447583399481162,0.127155712135685,3.51996298053488,0.000431607034755652,0.0262384341010466
"216623_x_at",5.8415274005112,1.24595914279224,0.133110824962744,9.36031418286957,7.94999361053552e-21,1.32033755055837e-17
"216836_s_at",11.3320832475381,0.64342636124396,0.0898071436015879,7.16453430584984,7.80514217551176e-13,3.94399838084129e-10
"217276_x_at",4.97350435192157,1.1800948915962,0.145579865475347,8.10616830660585,5.22410680215764e-16,4.20210092857635e-13
"217284_x_at",4.27516565586567,1.39458582826749,0.162267578886752,8.59435900772752,8.37308653128804e-18,8.68465348800491e-15
"217388_s_at",6.76475924914815,0.406116337339543,0.110235027861569,3.68409520292894,0.000229516452502454,0.0159274803764684
"217428_s_at",9.68879008699591,0.398574948677481,0.0975266101578865,4.0868327939649,4.37302043869405e-05,0.00402706139183849
"217528_at",4.64100373672205,1.37497915977729,0.151582105394875,9.07085408396614,1.18087700323281e-19,1.45447144391931e-16
"217562_at",2.66983064252137,0.656428335540909,0.182611419642807,3.59467297732475,0.000324799292029919,0.021090015314773
"217889_s_at",6.52763838487358,0.470503198351527,0.123889425778988,3.79776720566031,0.000146005348083957,0.0109821656285898
"218211_s_at",7.90738712136861,1.34089975877368,0.126005275279309,10.6416160418791,1.90791147531652e-26,7.51984228881254e-23
"218309_at",8.56593512590342,0.56749652370282,0.109161261753246,5.19869882949521,2.00688380584585e-07,3.61184101934284e-05
"218313_s_at",9.31540747169992,0.376648498149682,0.101093980959781,3.7257262457547,0.000194753679477148,0.0140329461113571
"218468_s_at",7.21031862910709,0.427134801329293,0.111332789367207,3.83655887683259,0.000124770293843437,0.00958615275155018
"218546_at",6.24044885787346,0.621471542254153,0.125790963043358,4.94051024984954,7.79183964651373e-07,0.000126325062417976
"218665_at",6.42029198116817,0.415496217196015,0.122730306314678,3.38544105097148,0.000710639712284608,0.0385270338651796
"218772_x_at",4.4038848564687,-0.546493090194805,0.155121674625737,-3.52299632861323,0.000426697271105306,0.0260741802222396
"218776_s_at",6.5161345453812,0.445320760606522,0.123215603193745,3.61415883267881,0.000301324305226271,0.0198601942578399
"218779_x_at",5.64891085398744,0.467149938924574,0.131706492410649,3.54690137421656,0.00038979048336338,0.0242704614712231
"218796_at",5.91861161663097,-0.536470670685228,0.128473015353167,-4.17574592773815,2.9701117954008e-05,0.00292503683911097
"218800_at",3.2608573118445,0.687438908949017,0.163955219171851,4.19284553685645,2.75477023030254e-05,0.0027418311580087
"218820_at",4.31997737483501,0.743373359019349,0.162062871327086,4.58694427003595,4.49780681610322e-06,0.000583146571874646
"218885_s_at",3.64378046228028,0.548706850202359,0.15401555924892,3.56267154356489,0.000367099871611809,0.0230029798723495
"218918_at",4.81585836348215,0.556197216893431,0.1426848165576,3.89808271343926,9.69573016035695e-05,0.00776722578333961
"218931_at",6.11066429243604,0.445517589009362,0.129517776489298,3.43981807814754,0.000582105322084701,0.0330027691812793
"218959_at",6.21198575707927,0.431598195720546,0.123173939060579,3.50397331620839,0.000458371285166718,0.0275400088926235
"218963_s_at",8.71322818040372,-0.578809695619802,0.111740710987129,-5.1799356788277,2.21962421974965e-07,3.97655768169148e-05
"218976_at",6.86588910708017,0.689353251881936,0.131005896164908,5.26200172711455,1.42495427889343e-07,2.66176056627041e-05
"218978_s_at",2.95714329727268,-0.828966940096252,0.179425508732806,-4.62011754042575,3.83522707910683e-06,0.000512412339308191
"219033_at",6.11661297071693,0.412921895576622,0.121592765132059,3.39594132206926,0.000683930197465516,0.0375961294322257
"219127_at",5.75624950120243,0.720949449756416,0.131080893823302,5.50003458725463,3.79716757116729e-08,8.552089294285e-06
"219182_at",4.97309595246917,-0.481190944935458,0.143813753282145,-3.34593134490704,0.000820066979471956,0.0432113902792884
"219225_at",3.36225988952815,-0.655430565647457,0.176167675215216,-3.72049279101145,0.000198834418005262,0.0142488359113807
"219232_s_at",4.70856426070042,0.557600825741875,0.139504080955087,3.99702160628115,6.41444483393743e-05,0.00550803766197843
"219233_s_at",6.75889791685901,0.624083652524012,0.113948028852882,5.47691486028042,4.32805327725778e-08,9.59530163799303e-06
"219295_s_at",4.74198440363213,-0.756449518279085,0.153133728114072,-4.93979691864872,7.82039763281731e-07,0.000126325062417976
"219300_s_at",5.51396383626805,1.04663525772645,0.133473438694512,7.84152463563887,4.45108576920843e-15,3.0247430087514e-12
"219301_s_at",5.64307020373518,0.479943923666565,0.126792868106948,3.78525961934814,0.000153548193575626,0.0114641062429364
"219327_s_at",5.31642747001211,0.722112597983884,0.13598363620583,5.31029040061015,1.09450693963714e-07,2.13558893657713e-05
"219415_at",2.88934723050359,-1.04738527040976,0.192588857982711,-5.43845205470705,5.37454682237887e-08,1.16391422229253e-05
"219429_at",3.36232454595569,0.699990746364421,0.164092873166792,4.26582052502011,1.99168845590459e-05,0.0020603781837539
"219476_at",6.26227607512126,-0.44946180564841,0.128993259964156,-3.48438209696619,0.000493274736771481,0.0291920878004672
"219497_s_at",5.73925994121271,-0.69150187116709,0.123354690581388,-5.6058011893017,2.07293800917128e-08,5.01770137118981e-06
"219498_s_at",6.31345203836467,-0.532741784748519,0.120280405017187,-4.42916520502566,9.45985401484675e-06,0.00109340377167498
"219562_at",4.23550604046592,0.778346982250659,0.163966556869543,4.74698619713005,2.06470035943762e-06,0.00030226039159131
"219572_at",6.92765537675906,0.612170821041017,0.118339418630698,5.17300852179628,2.30354503338436e-07,4.10823185275163e-05
"219580_s_at",5.39541841800567,1.57782905998736,0.154731116776119,10.1972317712301,2.04004266632797e-24,6.18509551158851e-21
"219615_s_at",6.24009572336907,-0.551579669170527,0.124279220895807,-4.43822921639459,9.07019993425944e-06,0.00105455121005576
"219616_at",4.02719210774615,0.791721636530646,0.155442367976236,5.09334518534668,3.51800334561203e-07,6.05495999405907e-05
"219654_at",5.10195369709988,-0.612587160151125,0.141878585750877,-4.31768583616106,1.57673639794495e-05,0.00168873609751637
"219684_at",6.80380448151461,-0.393021517454445,0.118616841522742,-3.31337028038377,0.000921788553406747,0.0473064766197572
"219734_at",5.62717383899896,1.19392009345559,0.139476873260824,8.55998607900346,1.12881150759091e-17,1.14079427590226e-14
"219735_s_at",3.32291523025832,-1.1379332018683,0.183062022380292,-6.21610745403195,5.09639103801647e-10,1.64646849485558e-07
"219736_at",3.50304497245017,0.776669645727592,0.173445940292284,4.47787733987188,7.53888949116953e-06,0.000897697251978718
"219740_at",4.28584542571183,-0.68311181895643,0.151929225890948,-4.49625024382574,6.91623328086088e-06,0.000843951760160528
"219785_s_at",3.69972013052005,-0.804846241633393,0.167152258454053,-4.81504856157615,1.47164097709945e-06,0.000219709308603779
"219789_at",4.19006833874961,-0.587337774312146,0.158291392031405,-3.71048461179504,0.000206862871364263,0.0147437490270363
"219863_at",8.54346853093003,-0.366546652524855,0.106527512945315,-3.44086370169008,0.000579860547520218,0.0329317343227117
"219882_at",3.34532943074963,0.678145969049314,0.163619582948392,4.14465039470986,3.40332534798185e-05,0.00328771238395482
"219928_s_at",4.24091028228339,-0.568668575454445,0.15767693668339,-3.60654251291242,0.000310304039638603,0.0203161518576676
"219956_at",7.54195538256158,0.659285671421777,0.114004229412121,5.78299309439201,7.33830766514372e-09,1.90284248890773e-06
"219959_at",5.86818435779118,-0.433114048468452,0.129693212134356,-3.33952749986458,0.000839210415920403,0.0439848927301686
"220149_at",3.65528447795077,0.626134111919137,0.154195342397233,4.06065515459027,4.89352047271869e-05,0.00439346733284133
"220173_at",5.33384438775697,0.617933308681056,0.142880816019361,4.32481648619169,1.52658892345978e-05,0.00164127305928645
"220177_s_at",6.53303841874186,-0.586940119058397,0.132066535220913,-4.44427589530229,8.81883777143936e-06,0.00103141148938727
"220192_x_at",5.94764850029719,1.27687421849408,0.137754714908926,9.26918704262333,1.87570065478899e-20,2.6403166288519e-17
"220196_at",4.36488333296859,-0.62234298516228,0.145374064116224,-4.28097672680272,1.86074819149217e-05,0.00194534560263852
"220233_at",4.78684068130544,-0.489836310322595,0.146115786865044,-3.35238457686313,0.000801186412046705,0.0423865251602803
"220296_at",6.34163761161929,0.474808567425019,0.125788539856095,3.77465680075635,0.00016022810016921,0.0118930891526728
"220425_x_at",4.13987548731457,-1.4851862198071,0.173640612105542,-8.55321921408786,1.19702255082335e-17,1.17948617045379e-14
"220432_s_at",3.7679246903823,-0.570657472612874,0.159767677199861,-3.57179551342549,0.000354542196094835,0.022466119158974
"220559_at",5.58723230016673,-1.02877401423945,0.134460321956519,-7.65113454489662,1.99213767564657e-14,1.30863523913223e-11
"220613_s_at",3.852720575858,0.833396776421357,0.163295511477952,5.10361104771629,3.33232821158149e-07,5.81152142173773e-05
"220624_s_at",3.47537868089833,-1.3637373227384,0.183507022987527,-7.43152660065273,1.07351407090754e-13,6.50945901396153e-11
"220625_s_at",6.81504174575828,-0.782989960064902,0.12164899080114,-6.43646901555358,1.22284783558301e-10,4.50442285903446e-08
"220658_s_at",4.46589469299546,-0.679412839549343,0.147660265866295,-4.60118932851269,4.20085366508438e-06,0.000551203666046921
"220941_s_at",4.91059513210546,-0.530683996338566,0.1418005546612,-3.74246770477389,0.000182221957541321,0.0133001782120993
"221016_s_at",6.79209947984068,-0.62003142791291,0.12014462842075,-5.1607086897097,2.46016745581251e-07,4.34820807638539e-05
"221024_s_at",7.91393003524776,0.587261962290519,0.109351747489053,5.37039394225785,7.85648275436882e-08,1.65986707481949e-05
"221185_s_at",5.8804713931556,-0.623467661370018,0.128045217880166,-4.86912101593285,1.12095746795207e-06,0.000173942589141193
"221276_s_at",5.06329479910923,0.475677202221211,0.142877399694401,3.32926833242089,0.000870744697478905,0.0453129338032192
"221489_s_at",4.41588584869866,0.646567928768307,0.141542869798017,4.56800070318601,4.92398381180404e-06,0.000630110058306637
"221523_s_at",5.66009424128733,-0.466570400867815,0.130611064125145,-3.5722119254826,0.000353978771213484,0.022466119158974
"221563_at",7.89599568627813,0.420930988974704,0.108876043491128,3.8661488374989,0.000110567476141467,0.00859547634051241
"221577_x_at",4.53893500364751,0.604719316707799,0.162038161773312,3.73195616446075,0.000189998570035024,0.0137153912808799
"221584_s_at",7.31632940804738,0.464331395833983,0.116485096831682,3.98618714722733,6.7143559365919e-05,0.00564263592504975
"221591_s_at",4.34739681184811,-0.486463462781039,0.141434282330958,-3.43950175844007,0.000582785998634252,0.0330027691812793
"221795_at",3.80163960150799,-0.900931097169112,0.187536123626536,-4.80404030832615,1.55495504367839e-06,0.000230402248464437
"221796_at",3.72276338451541,-0.892492833894008,0.189304989554384,-4.71457638805453,2.42214125713324e-06,0.000338760350403169
"221811_at",7.32726316385652,0.763645332163385,0.113213358187228,6.74518753255687,1.52829498888728e-11,6.27460611375032e-09
"221854_at",4.24605395306124,-0.877487972949257,0.155859386899373,-5.62999759209747,1.80212137480099e-08,4.43930074165039e-06
"221874_at",4.38217887212934,1.13178996858114,0.166705754218639,6.78914758453251,1.1279800763547e-11,4.72959646057917e-09
"221880_s_at",5.97008396237102,0.451380713130362,0.129253595444775,3.49221011281825,0.000479041260726266,0.0286508835360623
"222062_at",6.35820860658824,-0.623349490159175,0.125138013323904,-4.98129603948331,6.31598306398119e-07,0.000104595864068805
"222456_s_at",3.39047092932538,0.587099759294748,0.174861489063079,3.35751320911467,0.000786469855807975,0.0419457684665975
"222457_s_at",8.22265198231623,0.402573494885553,0.110204381838799,3.65297176181631,0.0002592227478792,0.0174948722344363
"222587_s_at",7.04590088786048,0.579162220732838,0.114847248968251,5.0428915445153,4.58549180268565e-07,7.72361426970308e-05
"222735_at",6.87035715203456,-0.52824417941739,0.124783841689938,-4.23327389398673,2.30313726606127e-05,0.00233958381970461
"222760_at",7.89058653601088,0.423573106914827,0.116342437623097,3.64074464630898,0.000271850655176549,0.0181298167904036
"222803_at",8.32983299750467,-0.49332554435766,0.109825539794622,-4.49190184068477,7.05899590450407e-06,0.000853150253723961
"222835_at",6.04877031731027,0.791997474357507,0.147337219565007,5.37540668064573,7.641001904859e-08,1.63675244064192e-05
"222853_at",3.33409212054722,0.925644553266313,0.215137242740692,4.30257700375014,1.68822968276645e-05,0.00179352788993415
"222880_at",2.6414306879647,-0.713999024328713,0.196944338191764,-3.62538487211292,0.000288531417447856,0.0190808343746473
"222891_s_at",6.6179270364835,-0.611376186010305,0.114823979045933,-5.32446437660668,1.01250941510805e-07,2.04376589805984e-05
"222904_s_at",4.43261134831213,1.26506770814443,0.157764326390906,8.01871840792364,1.06854151751684e-15,7.94631988139784e-13
"222931_s_at",5.11908392748819,-0.560128203686689,0.140453372112833,-3.98800110855801,6.66323524203888e-05,0.00561164003909659
"223044_at",10.6290107298868,0.35064623550598,0.0953961783196123,3.67568430604406,0.000237212714104134,0.0162883308601051
"223103_at",8.04283015715074,0.387546566476638,0.10975402388453,3.53104654171375,0.000413918909029042,0.0254909373132354
"223194_s_at",6.51074082821289,0.649517477340002,0.122527937289927,5.30097455083332,1.15186146300465e-07,2.22546410308163e-05
"223259_at",8.03725805995772,0.595220339155098,0.107141462794777,5.55546213042848,2.76878240309569e-08,6.45732483050968e-06
"223315_at",7.81107276464595,0.617024503521196,0.11860972986459,5.2021407031752,1.97005978847101e-07,3.56183194966955e-05
"223423_at",8.11097961704728,0.618379410845199,0.10933732915381,5.65570254579109,1.55210070399642e-08,3.84745265077451e-06
"223437_at",7.31001771061274,-0.41284170544262,0.114493708695835,-3.60580253836809,0.000311189705585078,0.020323943455175
"223438_s_at",4.52239225003152,-0.58462040193507,0.147065812244491,-3.97522981726822,7.03113260345002e-05,0.00585888077024057
"223468_s_at",3.97060906890209,-1.00346992274477,0.163803127177697,-6.12607304899734,9.00744643616201e-10,2.75208909949527e-07
"223475_at",6.20682852244379,-0.725225086290515,0.137559482470478,-5.27208356171417,1.34883636084253e-07,2.54368594862428e-05
"223581_at",4.24117621247669,0.510443092630703,0.148463223620443,3.43817869626546,0.000585641086276637,0.033006403502873
"223582_at",3.71174855795128,1.14202060802503,0.166881409043708,6.84330636090162,7.73859067824732e-12,3.27966465583269e-09
"223586_at",3.73381046248775,-0.630579295007626,0.163030686833818,-3.86785645852302,0.000109796261021609,0.00856932639981328
"223631_s_at",6.18360621542843,0.609905482456554,0.140555148753814,4.33926105065578,1.42962618189568e-05,0.00156956229340491
"223634_at",4.31416787919471,-0.607486466445718,0.147589293818159,-4.11606052668147,3.85403135697e-05,0.00362536496190014
"223779_at",2.79870661753535,-0.733251048653837,0.193948544156665,-3.78064734562556,0.000156421111322927,0.0116324182673243
"223821_s_at",3.89720907861177,-0.537213583323279,0.160346591140297,-3.35032743448371,0.000807160849942395,0.0426453589003077
"223842_s_at",3.97624200417112,-0.618656814400037,0.159270057660501,-3.88432592721704,0.000102614179593702,0.00808887054901234
"223861_at",5.02378793127711,-1.40328998824539,0.149394168650098,-9.39320457368111,5.82019512369283e-21,1.09236747907252e-17
"223864_at",4.72041198527508,2.36004099602961,0.23199070129181,10.1729982403951,2.61725883735319e-24,6.87710932102923e-21
"223949_at",5.75562230493832,-0.571161321490892,0.139484928227589,-4.09478879724527,4.22553404852672e-05,0.00393243935975746
"224146_s_at",4.0274503582356,1.61523135054789,0.173371449559199,9.31659367591754,1.20135256965265e-20,1.85886126967716e-17
"224191_x_at",3.92587322036429,-1.41711206278043,0.176208438260812,-8.04224858223256,8.82047295846032e-16,6.68557925355298e-13
"224204_x_at",4.17307116541495,-0.718553757807197,0.155101990813279,-4.63278230046856,3.60783870202634e-06,0.000485322029357222
"224367_at",7.23131772342216,-0.393382920166177,0.119193021441197,-3.30038550419873,0.000965521014115092,0.0486637407293251
"224428_s_at",7.18045653897428,-0.39866316358199,0.107485010773984,-3.70901170973771,0.000208069806276115,0.0148030024270159
"224447_s_at",10.6165495645928,0.543900367425132,0.0920244046313311,5.9103926790302,3.41293151812615e-09,9.21351252434411e-07
"224521_s_at",5.1474392248543,-0.508145992474624,0.136085222969736,-3.73402770253484,0.00018844175325062,0.0136530207033455
"224577_at",6.49942231057877,0.39640853318525,0.119334035081444,3.32183968232288,0.00089426059041774,0.0460737083800324
"224836_at",7.25397799554985,0.423260073187688,0.11334943487822,3.73411718940134,0.000188374772365206,0.0136530207033455
"224952_at",8.3693190835656,0.415665346613133,0.107122614358612,3.88027634596017,0.000104337849986797,0.00820832738399123
"224976_at",7.96418660625117,0.405133260572937,0.109172577562685,3.71094344035539,0.000206488240424727,0.0147437092538047
"224989_at",9.25393637217759,0.393734445144553,0.102780609260976,3.83082419899653,0.000127714734487981,0.00971766128399479
"225095_at",7.11914554388127,0.469064130598259,0.115927246629554,4.04619400732561,5.20570944868401e-05,0.00465255855352452
"225165_at",6.21839586426286,0.568280294969029,0.13687086125073,4.1519450508024,3.29661425807627e-05,0.00319405219623853
"225288_at",7.11943580125898,-0.624346966163296,0.117503357357786,-5.3134393791168,1.07575233401142e-07,2.1094379349615e-05
"225292_at",5.63197900028099,-0.442976332234504,0.13066338224616,-3.3902102074778,0.000698390494692524,0.0380198383395181
"225293_at",9.23108207261896,-0.361420003532005,0.101788917733431,-3.55068126845112,0.000384235436073116,0.0240385007577552
"225421_at",8.177488915233,-0.443298059278923,0.106514822810673,-4.16184384089781,3.15688210504416e-05,0.003079835427926
"225431_x_at",7.96892513631172,-0.373895464587286,0.108510235402744,-3.44571609488769,0.00056954838587172,0.0324395665906763
"225496_s_at",9.16376928288971,0.35508609512624,0.10285366432296,3.45234267989977,0.000555741442692814,0.0320233819039394
"225499_at",6.65153658747658,0.386322337561627,0.117264458470144,3.29445377228248,0.000986131634503182,0.0494633044950957
"225516_at",7.18686199353813,0.551232503250418,0.128900373897879,4.27642284177647,1.89920338911712e-05,0.00197940130479678
"225540_at",7.01700886684308,-0.484600128639977,0.121227734510983,-3.99743615266581,6.40322543355796e-05,0.00550803766197843
"225612_s_at",9.21378463685951,-0.410368455821631,0.0997892035584353,-4.11235325253723,3.91646416720389e-05,0.00367532187348033
"225660_at",3.04143989590695,-0.645849331202126,0.1906297233917,-3.38797811648215,0.000704098817754463,0.0382250011060254
"225911_at",8.47676704266644,0.451298118092285,0.110739160919308,4.07532542549361,4.59500430488679e-05,0.00418262123955677
"225915_at",4.32582475123642,0.618145454816645,0.153900081186723,4.0165375485843,5.90594575855845e-05,0.00514993243645625
"225968_at",4.44373039054356,0.755911398872459,0.159564766324131,4.7373327852149,2.16549404775857e-06,0.000310602131810443
"225981_at",5.01814148255264,1.02131554854346,0.145683418185023,7.01051335332038,2.37445277841294e-12,1.1010197859808e-09
"225987_at",5.55916289701994,0.733843842372505,0.148968111348112,4.92618074923192,8.38524364240534e-07,0.000133264513274905
"226029_at",4.80430934212672,-0.508217366783349,0.138598867554725,-3.66682192827211,0.000245583687188792,0.0167175050895666
"226034_at",6.26298453660401,0.873970181784517,0.130405464742267,6.70194445847673,2.05664214201709e-11,8.18792862479409e-09
"226122_at",4.13450886550392,-0.523164079187013,0.148423673863559,-3.52480211255207,0.00042379925201321,0.0260586953492178
"226189_at",9.2701963686189,-0.363246941070101,0.101341867621142,-3.58437188495549,0.000337890368006251,0.0217253033680235
"226192_at",7.55307238580848,1.45401191841979,0.130299525275434,11.1589962844931,6.47181012410282e-29,3.18849905289235e-25
"226197_at",6.44908691990082,1.68988173760484,0.149095568751143,11.3342183926703,8.8821491107701e-30,5.00115750074132e-26
"226226_at",4.52825030902798,1.20192498045537,0.148864894607185,8.07393162522925,6.80700038527382e-16,5.36582226370365e-13
"226248_s_at",6.46658879022883,0.845150505855912,0.127758361092705,6.6152265779509,3.7098308298064e-11,1.4621927232599e-08
"226325_at",4.28017675262236,0.62613767101598,0.153307376335448,4.08419794260875,4.42293174259476e-05,0.0040540798070379
"226344_at",5.80680053689742,0.452315386361129,0.13664900481377,3.31005254650453,0.000932784582743049,0.0475541161954488
"226439_s_at",4.44946953353818,0.598182591448318,0.154697476868687,3.86678957896694,0.000110277500145963,0.00858987626631021
"226455_at",8.85389524873367,0.360818718853877,0.103424029141227,3.48873198859015,0.000485317485311689,0.028846938744953
"226534_at",8.1493922950176,0.377764523282186,0.112572394242749,3.35574743544659,0.000791508165428828,0.0421005436332144
"226535_at",8.2005623695623,0.471039429049411,0.10676768962408,4.41181625928127,1.02507087436638e-05,0.00116769200700221
"226575_at",7.72101920975708,-0.515642790131904,0.114228592736176,-4.51413063735135,6.35770203155254e-06,0.000780630741033059
"226597_at",4.70831590502869,1.15490851758158,0.163588486248,7.05983987058073,1.66694584471934e-12,8.3165827245276e-10
"226661_at",6.56647200880343,-0.422665904193453,0.118192862904871,-3.57606960188148,0.000348798822470579,0.0221734786917022
"226677_at",6.79845269683385,-0.445423671697504,0.120967351568973,-3.6821809018736,0.000231247220882612,0.0159901367787145
"226806_s_at",7.99742339403311,0.381454699382164,0.110928257948262,3.43875137352357,0.000584403688996822,0.033006403502873
"226844_at",5.94712484433452,-0.445630789131595,0.132264478083046,-3.36924014361432,0.000753757267361328,0.0405855040106276
"226863_at",6.46029244023455,0.888541028690419,0.126086688731362,7.04706450483072,1.82731624645821e-12,8.79970360828246e-10
"226907_at",5.00692085866512,-0.518046711533498,0.132384399712634,-3.9132005935595,9.10808127154468e-05,0.00737137402950025
"226913_s_at",3.73455213652358,-1.04058404360034,0.165392715352585,-6.29159537880502,3.14219651326386e-10,1.06764252908433e-07
"226933_s_at",4.08870719148497,-0.665104176082552,0.161774384975663,-4.11130709093784,3.93425510123683e-05,0.00368324775677312
"226960_at",4.74804403553536,0.726885574414903,0.13554155957068,5.36282433754835,8.19306743898218e-08,1.69958715810549e-05
"226961_at",5.80682106394284,1.30330356006571,0.140478149977986,9.27762474285111,1.73298646020947e-20,2.52977512380356e-17
"226992_at",3.63310477334797,1.33806624308961,0.202535198989967,6.60658616261508,3.93283414560946e-11,1.53473985163417e-08
"227061_at",6.77065912482919,0.464465742703805,0.126060211171789,3.68447536606814,0.000229174187448808,0.0159274803764684
"227145_at",3.05256684361093,-1.01072396668398,0.195621646926854,-5.16672864461625,2.3822673288806e-07,4.22949029281532e-05
"227224_at",8.53812451864788,0.400525551493322,0.109154035965167,3.66936089858498,0.000243157602852887,0.0165809926623593
"227285_at",5.21533623901609,-0.612584377093392,0.141337694600256,-4.33418967831587,1.46297996527853e-05,0.00159286995446099
"227290_at",6.71370584746598,0.467281987631107,0.119712544215228,3.90336694198892,9.48637121940312e-05,0.00763052724982765
"227376_at",7.23152294917733,0.436443965020003,0.121824073318933,3.58257570223745,0.000340222976121322,0.0218396553433971
"227417_at",3.59907024348589,0.627651779339039,0.175442225737096,3.57754113470715,0.000346841649118237,0.0220846797388468
"227443_at",5.71640670222556,0.465701561435657,0.135460249487357,3.43792044675899,0.000586199889684151,0.033006403502873
"227452_at",4.85447461454449,-0.491848274257248,0.137152534989214,-3.58614060101716,0.000335608057745914,0.0216846819475368
"227480_at",6.9105294790442,0.589632674059979,0.116425686266141,5.06445521576843,4.09569903217208e-07,6.95809834715648e-05
"227481_at",5.76145977056823,-0.585499282819222,0.127615557840875,-4.58799297456575,4.4752769555541e-06,0.000582140481604652
"227498_at",3.85265295559606,-0.634033960612599,0.162966504321871,-3.8905783937068,0.000100005561049365,0.00794681286935421
"227522_at",8.00912076532593,0.765550613871243,0.116573995626382,6.56707878766393,5.131190093841e-11,1.92610215579666e-08
"227533_at",8.07065056000626,0.404524521268454,0.114125906500762,3.54454596394163,0.00039328992477605,0.0244319581223527
"227570_at",4.4607240125462,0.601881699058348,0.141733021808994,4.24658764327676,2.17050898770865e-05,0.00221055403724932
"227642_at",5.22063423241781,-1.16171400775378,0.149534313422636,-7.76887913659234,7.91836782286252e-15,5.2897381249204e-12
"227657_at",4.20692871464291,-0.865322449851061,0.158903604740372,-5.44558099399247,5.16365601143946e-08,1.12442175709876e-05
"227702_at",4.81005669186299,0.958655887007222,0.171454954335872,5.5912988383483,2.25377299354527e-08,5.35121739563814e-06
"227722_at",4.06648403796815,0.613595835572321,0.165939502651599,3.69770805484819,0.000217554890881424,0.0153944496754048
"227782_at",4.75923959358307,0.71413237677339,0.144997985340234,4.9251193049179,8.43088990974632e-07,0.000133451845342466
"227794_at",3.11475706362308,1.08091015348589,0.179350315757565,6.02680931405221,1.67228106531715e-09,4.88231747469704e-07
"227804_at",6.01492957216964,0.476529501229939,0.121307293055025,3.92828402339986,8.55541352302208e-05,0.00698142999164373
"227856_at",8.73516553397873,0.41709106187267,0.108690295639319,3.83742687807894,0.000124330238571594,0.0095710000450406
"227971_at",3.9818446698572,0.661218502852869,0.15558042298353,4.25001096007348,2.13760055747042e-05,0.00218267845523676
"227984_at",3.1201180115804,-1.04738333318343,0.190626309879849,-5.49443218957338,3.91969498655499e-08,8.77788967045899e-06
"227997_at",7.14143993077379,-0.597370024469703,0.12152766915101,-4.91550630932792,8.85532984162543e-07,0.000139177320425523
"228038_at",2.81041148880707,0.696617428304879,0.188756092329493,3.69056924048239,0.000223752770979208,0.015664283686278
"228051_at",6.65188078433183,0.591523662274994,0.120342570859874,4.9153317736893,8.86322307474661e-07,0.000139177320425523
"228058_at",5.75085008439869,0.844917776761867,0.141486131229397,5.97173567062885,2.34742649578502e-09,6.60867627891934e-07
"228067_at",7.54703960771489,0.474118585593598,0.114491326373681,4.14108736976418,3.45663254029927e-05,0.00333104437514317
"228101_at",2.75406214731357,-0.658626772080333,0.195727053059638,-3.36502676448948,0.000765362344566575,0.0410980809928433
"228176_at",6.83200014447133,0.387354169926124,0.116991200857985,3.31096840690037,0.000929737047539152,0.0475292494013835
"228214_at",4.81548511476085,-0.562959172525771,0.144166495923958,-3.9049237405528,9.42551027647994e-05,0.00759707693327567
"228241_at",6.20167916331901,0.908441185180843,0.163344041462126,5.56152019412032,2.67434725514091e-08,6.27420968536452e-06
"228245_s_at",7.50767660754799,-0.805947231093574,0.114841169449908,-7.01792950171165,2.25180104098542e-12,1.06930706300481e-09
"228256_s_at",5.09677583765732,1.0869789580467,0.15160133942847,7.16998254860125,7.50073274770899e-13,3.88991948050266e-10
"228260_at",5.50187919848795,-0.520919508855651,0.140828339029392,-3.69896792396969,0.000216477954133487,0.0153457951154987
"228268_at",4.33683866067641,-0.552402090890158,0.158366041927556,-3.48813472993695,0.000486402914459639,0.028846938744953
"228302_x_at",3.95335862425945,1.30329157226199,0.175504872339998,7.42595664089129,1.11967675169807e-13,6.68650598354966e-11
"228303_at",6.46021459325367,0.784381378703739,0.127183364400957,6.16732685440611,6.94540972516396e-10,2.17259030879057e-07
"228390_at",7.46280205322176,0.402230905223306,0.118511232901655,3.39403190208215,0.000688716690506562,0.037753935521037
"228528_at",5.19851185433575,0.630603608026974,0.149986476811135,4.20440309976104,2.61772053551824e-05,0.00262531392333119
"228557_at",3.70574180886615,-0.590814754317866,0.162834465773763,-3.62831512057604,0.000285276929190949,0.0188973191380371
"228565_at",5.85137147014203,-0.589784817884713,0.127602002640701,-4.62206552937432,3.79937948450532e-06,0.000509349465994192
"228640_at",7.25438992736336,0.486032593380788,0.1223886718417,3.97122205892906,7.15048899424383e-05,0.00593324996250792
"228648_at",3.93132094890989,0.600767792617217,0.1735895501968,3.46085229171987,0.000538468173099992,0.0314417549252787
"228695_at",3.63834849189575,-0.648444281683078,0.168370909582471,-3.85128454369642,0.000117499879033523,0.00909850733247011
"228708_at",9.67536922028457,0.541977437914075,0.103050249864317,5.2593510314403,1.44564688095201e-07,2.68767576253975e-05
"228731_at",4.99036909897334,1.02586546143026,0.141330506098905,7.25862724012566,3.91038445218123e-13,2.11128620271604e-10
"228762_at",6.38678370410757,0.659832819319472,0.124177681702428,5.31361843991141,1.07469528645002e-07,2.1094379349615e-05
"228827_at",6.22936285347867,0.474003934921359,0.128393549453979,3.69180489936732,0.000222668250347999,0.0156439330110803
"228873_at",2.62487068290889,-0.765733789084352,0.191652829818477,-3.99542125106952,6.45793211335646e-05,0.00552132182897683
"228882_at",4.43266840109443,-0.675133643166849,0.150980231586814,-4.47166914549766,7.76114375544994e-06,0.000918611771703615
"228904_at",6.16162739275196,0.551232691969792,0.130559502946998,4.22208019736081,2.4205794803338e-05,0.00244001840506078
"228906_at",2.72024372821494,-0.764294526689809,0.19150721906298,-3.9909436857232,6.58109071061401e-05,0.00557136453874524
"228915_at",4.03866715954968,0.661270694778429,0.172883523094125,3.82494920825049,0.000130799049942198,0.0098760799893138
"228935_at",2.85563885017771,0.644039733514747,0.195014119554534,3.30252873477013,0.000958172702543588,0.0485416695347725
"228956_at",3.52032588035394,-1.50826151090827,0.17977470903134,-8.38973134227317,4.87254361266648e-17,4.32926931260141e-14
"228969_at",6.09988206884998,1.10412144678135,0.139184561649007,7.93278675235335,2.14282200900966e-15,1.50816404755547e-12
"228977_at",7.17494200603714,-0.383251356669391,0.116090093539669,-3.30132696928555,0.000962286688859417,0.0486250866085962
"229014_at",2.86098736102485,0.825775386797725,0.191778578448216,4.30587917315646,1.66323827678607e-05,0.00177175333624989
"229024_at",3.63239737239644,-1.1436688350039,0.179126883488692,-6.38468560793167,1.71749953787774e-10,6.21041530145993e-08
"229030_at",4.29794130894422,1.66755809255707,0.184736607551142,9.02667919835772,1.76960249113397e-19,2.05138566428101e-16
"229062_at",3.79030936139233,-0.845090934208936,0.160072972868051,-5.27941050301822,1.29600161238043e-07,2.46596458547098e-05
"229072_at",5.35642829191158,0.607513423552266,0.144872835547352,4.19342536685353,2.74773506238663e-05,0.00274175265187105
"229082_at",4.07223601814182,0.772781883599476,0.159639233635628,4.84080176282559,1.29316324274633e-06,0.000196790486678007
"229088_at",4.75936402931836,0.712571871753064,0.150421143844261,4.73717892007808,2.16713823128512e-06,0.000310602131810443
"229105_at",5.20923159496121,0.591103206353055,0.138239519154186,4.27593505800439,1.90336706377932e-05,0.00197940130479678
"229125_at",5.88571679124642,-0.639281599837838,0.137299312783276,-4.6561165302184,3.2222959742416e-06,0.000437943356995718
"229139_at",4.17312304149672,-0.756717228596103,0.156359958365512,-4.83958448509673,1.30110871983509e-06,0.000197238073398386
"229150_at",7.74444689420236,1.2819573758123,0.126008584339323,10.1735717652392,2.6018885786893e-24,6.87710932102923e-21
"229152_at",5.40137300217995,-1.29522704164465,0.162237034805324,-7.98354730286373,1.42186788768137e-15,1.01893638045588e-12
"229163_at",6.71296043005011,0.495944920205421,0.121649605018862,4.07683132327904,4.56535859609629e-05,0.00416525564135507
"229182_at",4.73620154059432,0.557350202741481,0.143479741697949,3.88452192724743,0.000102531439512707,0.00808887054901234
"229222_at",4.978905044503,0.666643859343592,0.141404687273979,4.71443961438092,2.42376868152671e-06,0.000338760350403169
"229254_at",4.15060015075532,-0.735753981398944,0.155496810577647,-4.73163390725333,2.22719819922959e-06,0.000318053586320418
"229256_at",6.15049953783137,0.4343426136683,0.119898545321654,3.62258451512552,0.00029167411733027,0.019256354540126
"229310_at",3.27155600991048,-0.647634069878809,0.193531911883425,-3.34639421259329,0.000818699119703043,0.0431970643962192
"229341_at",6.09922487557961,-0.446048855161702,0.12721951030646,-3.50613560834506,0.000454663511648724,0.0273589429742333
"229430_at",4.52260233597214,-0.536895790109605,0.147073150128945,-3.65053573435319,0.000261693896031627,0.0175713853802224
"229479_at",6.49497551703712,0.396080751573535,0.120238492619682,3.29412605683897,0.000987282116925906,0.0494633044950957
"229499_at",5.37297023330075,0.880613322395651,0.133553611001252,6.59370657066992,4.28979168579215e-11,1.64153251945448e-08
"229523_at",3.85799236691958,-0.823500595710618,0.161952275387647,-5.08483498450081,3.67945827521231e-07,6.30531167213992e-05
"229623_at",7.35610098912945,0.40848351214213,0.118310340989242,3.45264419599021,0.000555120690547177,0.0320233819039394
"229648_at",4.10583912226595,0.668645363998715,0.15433587658619,4.3324039671703,1.47490002335847e-05,0.00160142450470112
"229691_at",4.85486779595026,0.530378404441395,0.144137544018901,3.67966866683843,0.000233537185580244,0.0160639347861426
"229849_at",4.06064374135489,-0.623701787146292,0.15607929402495,-3.99605720312003,6.44061775243378e-05,0.00551848930640054
"229893_at",6.33028590722794,-0.665094340596853,0.125672960482655,-5.2922628546548,1.20812077186032e-07,2.32277424888307e-05
"229927_at",3.58743683512647,-0.695192570205002,0.163391484616083,-4.25476622504825,2.0926753856902e-05,0.00214235604289853
"229930_at",5.9864230824443,-0.418745568720827,0.126030582163735,-3.32257108974395,0.000891919410104336,0.0460132351176077
"229947_at",4.59042235485917,-0.821347491398447,0.169287167972484,-4.85180005806435,1.22345932239755e-06,0.000186904750903011
"229964_at",5.22694623498243,1.54553101442807,0.150200417602547,10.2897917269297,7.834565051697e-25,2.57326289122988e-21
"230060_at",3.17641306141457,-0.685805117407203,0.170914950879678,-4.01255193812742,6.00658576516713e-05,0.00522612740283217
"230147_at",6.47746066455033,0.562545354881949,0.129347440554819,4.34910310145284,1.36695439402413e-05,0.00150494805827003
"230323_s_at",3.84133973060365,1.4959508592401,0.165141203211814,9.05861668769212,1.3211533748735e-19,1.577937549008e-16
"230378_at",3.51441450361634,0.639994440588518,0.18243183432043,3.50812917587841,0.000451269872795577,0.0271962549944417
"230425_at",2.78210854085735,-0.793574365086447,0.196974847270948,-4.02881066329677,5.60597440324727e-05,0.00493200614128545
"230472_at",5.82898101933235,-0.900954799923574,0.143236705422383,-6.2899715353463,3.1752418813622e-10,1.06964943172658e-07
"230492_s_at",5.84048655264405,0.451244515324549,0.122485094298402,3.68407697205353,0.000229532878008678,0.0159274803764684
"230538_at",4.14553527295489,-0.863541231144731,0.156202130558497,-5.52835757141828,3.23242698243572e-08,7.4504606482878e-06
"230624_at",4.47167147223021,-0.530719601091797,0.155268978765373,-3.41806589643232,0.000630678354242129,0.0351592031882592
"230645_at",5.44075121791682,-1.04215642773575,0.142006143921279,-7.33881224402141,2.15497665303084e-13,1.24906249709643e-10
"230661_at",2.8499503400867,1.24481902037304,0.198611441812878,6.26760980641713,3.66632078312196e-10,1.22461328259296e-07
"230682_x_at",5.67131236033183,0.577786184847024,0.12843609777114,4.49862768235594,6.83935151139315e-06,0.000837162113261023
"230748_at",6.89379987185203,0.490604837546827,0.126541315634526,3.87703284960131,0.000105738086568185,0.00828540943140841
"230788_at",8.20562945647605,-0.355760239512263,0.105919068553461,-3.35879312734606,0.000782836471713752,0.0418734136042658
"230906_at",6.38174732071687,0.728489622571671,0.123434139016932,5.90184877841406,3.59450567659813e-09,9.63767664880536e-07
"231136_at",4.24116760125796,-0.545186378470403,0.164741340851462,-3.30934770624435,0.000935136245386801,0.0475580128718392
"231240_at",6.01050369033779,0.505816704714422,0.124348757545111,4.06772624592508,4.74741069432096e-05,0.00429161571343959
"231283_at",5.56466682966568,0.441084931237581,0.128869075304369,3.42273683733516,0.000619940648729844,0.0347302649866681
"231535_x_at",4.65791549786811,-1.14431910316835,0.15173254815382,-7.54168513672026,4.63936825684298e-14,2.90247715040015e-11
"231802_at",2.57414908908068,0.668808823623933,0.202073402280006,3.30973208783404,0.000933853096241879,0.0475541161954488
"231851_at",5.85122959429976,-0.485044324059477,0.130617712632019,-3.71346515174372,0.000204440627396607,0.0146239979822321
"231856_at",7.18105745012427,0.487122194858876,0.115199588704936,4.22850637172462,2.35247855269979e-05,0.00237745101733614
"231859_at",3.74539784874425,0.69524770706558,0.174129657555259,3.99270128263444,6.53248407063072e-05,0.00556093579178919
"231969_at",5.4909145843748,-0.64924623761535,0.136123223736754,-4.76954791249223,1.84639824971907e-06,0.000271544554531446
"232078_at",4.51171864726481,0.577981323802064,0.150315070488868,3.84513224071479,0.000120487442824092,0.00929333086393101
"232151_at",4.46062120243511,0.509503905842008,0.145938215858032,3.4912301952331,0.000480801804545424,0.0286691714438023
"232230_at",2.73163348127083,0.638683735422494,0.183716748214362,3.4764589599489,0.000508081983175969,0.0298888705744741
"232282_at",3.36244612015324,-0.640332449413697,0.173240377486049,-3.6962078858623,0.000218843796829052,0.0154302493885872
"232286_at",6.1392104493446,0.503303175053419,0.149201478514935,3.37331224906754,0.000742696773277888,0.0400995213999653
"232726_at",6.66874103414807,0.495945713487133,0.122131792302659,4.06074212239604,4.89169784342849e-05,0.00439346733284133
"232914_s_at",9.47909506119602,0.372213169165974,0.101525955732722,3.66618729643742,0.000246193639723265,0.0167301312345737
"232997_at",6.36471377285938,0.560747340711958,0.122556093176399,4.57543420468583,4.75233307765691e-06,0.000612119137002514
"233123_at",6.8884382507105,0.47540973472986,0.124058268678851,3.83214871360612,0.000127028909803667,0.00969992193010697
"233203_at",3.61621770998505,-0.703591312389189,0.16510862144989,-4.26138445231177,2.03164388526127e-05,0.00209620974067245
"233276_at",5.66066257492628,0.642158361057101,0.135888037354806,4.72564306290195,2.29388269965315e-06,0.000325219758000465
"233498_at",3.67798714194051,0.810322835715273,0.186794395467403,4.33804683319142,1.43754526952134e-05,0.00157387247924761
"234310_s_at",2.51194102031962,0.683877461866488,0.190621342180379,3.58762273963718,0.000333706656690104,0.0215972318009585
"234354_x_at",3.55398019707484,1.37345682086034,0.162252155836707,8.46495267676204,2.56256720023724e-17,2.34886101465467e-14
"234709_at",3.4865290229209,1.40203308734897,0.171803240293422,8.16069059555828,3.33114468660571e-16,2.79348375910378e-13
"234785_at",4.56791369119905,0.896487595765884,0.148037307567613,6.05582207955539,1.39702347349802e-09,4.14002129206399e-07
"235020_at",6.27934233882333,-0.510838053856876,0.123705792939592,-4.12945943530977,3.63617147742708e-05,0.00347012258138768
"235046_at",7.59201404967045,0.660869332926226,0.118755760495154,5.56494548281885,2.62234380919687e-08,6.18904544285542e-06
"235075_at",3.15938246492609,-1.36614936641393,0.222192718498435,-6.14848846373671,7.82248157198981e-10,2.42767943841265e-07
"235136_at",2.92357370842032,2.25248069722827,0.214892699575694,10.4818856186171,1.04636370200218e-25,3.74921626824671e-22
"235148_at",6.60087449865325,-0.440951940945283,0.122175548135018,-3.60916687239235,0.000307181968863258,0.020145208187648
"235209_at",2.98532720476929,1.20575970061502,0.197954029648166,6.0911096518625,1.1213071120666e-09,3.37367927595367e-07
"235210_s_at",2.51797805459845,1.47043256478673,0.278562057352022,5.27865344894595,1.30136660521125e-07,2.46596458547098e-05
"235238_at",4.38205292405394,-0.83260386179739,0.155018784582238,-5.37098690356259,7.83068968428742e-08,1.65986707481949e-05
"235343_at",5.04625231687231,-0.512179878557669,0.136841111046265,-3.74288015232867,0.000181923009731649,0.0133001782120993
"235444_at",6.72550507853381,0.534038746902964,0.119484535745296,4.46952188056679,7.839463962307e-06,0.000925103690450204
"235486_at",3.80722644657634,-0.538000555239637,0.160946302373941,-3.3427332427287,0.000829576054278574,0.0435378303639623
"235651_at",4.62944337274579,-0.726429359552872,0.142396822873486,-5.10144359188602,3.37072488113808e-07,5.85258812621922e-05
"235763_at",5.64932182679249,0.506446358412317,0.127872203927184,3.96056643162818,7.47721873389686e-05,0.00615254904337809
"235911_at",8.12115556608666,-0.536475513406905,0.110415729616059,-4.85868739238833,1.1816653501531e-06,0.000181222405100912
"236037_at",5.22088597310725,0.525694396926083,0.134021845685755,3.92245304663758,8.76519784895796e-05,0.00713494980314543
"236044_at",5.81857573051213,0.539663893673667,0.129251551259258,4.1752991621059,2.97594705557289e-05,0.00292503683911097
"236236_at",2.78783188212595,-0.741106321378589,0.19364946169837,-3.82705076935841,0.00012968777391157,0.00981096721871523
"236237_at",5.84617869882881,0.489714273297587,0.13660148627914,3.58498495614371,0.000337097635788094,0.0217097487205097
"236256_at",2.99088311450254,1.20081641468805,0.214216539592427,5.60561951459374,2.07511372482858e-08,5.01770137118981e-06
"236335_at",3.6778647225148,1.11636371125352,0.16509729241317,6.76185354063664,1.36237390608825e-11,5.65227422469077e-09
"236496_at",5.92514529424285,0.502261230323812,0.137560388440294,3.6512053798235,0.000261012403925528,0.0175713853802224
"236565_s_at",4.9105493517441,-0.703214525632951,0.144217705902956,-4.87606234775461,1.08224415000218e-06,0.000168599094577811
"236599_at",4.35924702659158,-0.504058117213311,0.150250740450872,-3.35477958844484,0.000794282432098693,0.0421911695131238
"236641_at",5.65962938978872,-0.408744215933562,0.123571692100359,-3.30774960661378,0.000940488581226841,0.0477685785315396
"236957_at",3.42952539641134,-0.768333919647526,0.178344972480406,-4.30813332701004,1.64638135973234e-05,0.00175854945562305
"237086_at",6.44917726433239,1.87529163691519,0.149682706532917,12.528445538916,5.21752907548555e-36,1.02821845490594e-31
"237128_at",2.91203724211951,0.748488977524928,0.187580696267229,3.99022390053731,6.60109511492977e-05,0.00557136453874524
"237339_at",5.27779298317868,2.03757059343505,0.20382599847376,9.99661774598085,1.57691092026543e-23,3.88452293820886e-20
"237395_at",4.64694042431362,1.61312413533712,0.179506432593056,8.9864419454767,2.55363500403844e-19,2.87568485854775e-16
"237452_at",4.91661863172788,-0.640710320526545,0.142520084919374,-4.4955791381194,6.93808471363845e-06,0.000844005157109092
"237968_at",4.43798571116297,-0.576328412840358,0.148360641258921,-3.88464492974618,0.000102479547006071,0.00808887054901234
"238017_at",4.63602704264693,1.24724563687935,0.158928575097294,7.84783753403563,4.23272036834109e-15,2.92681474732975e-12
"238029_s_at",6.06024517373161,0.490751352355332,0.126195363157558,3.88882237885885,0.000100731803144754,0.00798841708077932
"238066_at",6.78673429118798,-0.557164886777256,0.12744266035243,-4.37188681746343,1.231773799611e-05,0.00137558121012402
"238469_at",5.66578323683227,-0.638623602938575,0.132930144340167,-4.80420453997509,1.55367940657492e-06,0.000230402248464437
"238520_at",5.90234180972973,0.518396751688811,0.129916920128476,3.99021737258059,6.6012768041661e-05,0.00557136453874524
"238759_at",2.64728037351168,-0.822442609505415,0.196582936121304,-4.18369277482922,2.86811659266185e-05,0.00283318163867604
"238865_at",3.73993482162128,-0.861614550486006,0.164559593284355,-5.23588162372982,1.64199171473108e-07,2.99617877057458e-05
"238898_at",3.12006670096264,-1.05069536408264,0.182367158309069,-5.76142861370884,8.34049384550186e-09,2.14857663023928e-06
"238999_at",6.16738028453611,0.422214212123394,0.125717978335992,3.3584234944901,0.00078388416831842,0.0418734136042658
"239058_at",2.77096353071944,-0.711666048977411,0.195249509418574,-3.64490569577693,0.000267489868448023,0.017903666255516
"239262_at",3.00745228111778,0.625582181600687,0.18979162122566,3.29615278883612,0.000980186917999262,0.0493398303780625
"239594_at",3.14860607001394,0.667210869057574,0.190914948745447,3.49480684169571,0.000474404950393997,0.0284167123325669
"239606_at",7.72166629253965,-0.432762648300818,0.108777099617912,-3.97843525724561,6.93702947428317e-05,0.00579271355295332
"239660_at",5.90835574470256,0.429310113670472,0.124236479850526,3.45558819911022,0.000549093513309241,0.0318264290199565
"239723_at",6.0777606282796,0.830367474707834,0.137260973856903,6.04955255215885,1.4524867962453e-09,4.27226228262779e-07
"239808_at",4.06091903029158,0.581242234001277,0.147381975872283,3.9437809851658,8.02069142116744e-05,0.00655866248286086
"239973_at",3.93109552364716,-0.809472925116671,0.158023887457034,-5.12247191322113,3.01556025194121e-07,5.28245741200048e-05
"240067_at",3.61570497424602,0.544579848622452,0.157792154607073,3.45124794054901,0.000558000698202753,0.0320239754129817
"240242_at",2.88920257258329,0.710446320576147,0.178551959084079,3.97893321484981,6.9225181431349e-05,0.00579271355295332
"240303_at",4.18457294530854,0.803466224373671,0.149799009337552,5.36362842402492,8.15666109386591e-08,1.69958715810549e-05
"240304_s_at",5.89126840576171,1.77043507178176,0.155263865077506,11.4027502207161,4.05115553017286e-30,2.66120406777055e-26
"240655_at",7.0177345606988,0.641706541149017,0.117356491284219,5.46801062409839,4.55114609919057e-08,9.96549290852762e-06
"240666_at",4.79338725616764,0.715166597763983,0.144076547015582,4.96379606936747,6.91285290756025e-07,0.000113055263277419
"240815_at",5.26043527134512,0.477000545589298,0.138034505684061,3.45566163493263,0.000548943952358722,0.0318264290199565
"241031_at",2.89502721359488,1.2255261177919,0.17587063638779,6.96833845014154,3.20705960147145e-12,1.42025895654377e-09
"241310_at",3.64982707663636,0.711125222790813,0.1699213817636,4.18502495336432,2.85134776980785e-05,0.00282369399495494
"241457_at",7.93610831819019,0.43311308004112,0.112189057246118,3.86056439614216,0.000113125421261796,0.0087770184126229
"241505_at",3.90349639575804,1.27355421566282,0.177174266238777,7.1881444337207,6.56777657942763e-13,3.45149794802081e-10
"241797_at",4.57282824988039,-0.518995530211594,0.150417261542946,-3.45037215069505,0.000559814255329183,0.0320239754129817
"242019_at",2.478082363081,0.63797066149049,0.191461337602243,3.33211221377687,0.000861894955764276,0.0449943414390638
"242055_at",6.35318830325252,0.601007355050127,0.122912483977811,4.88971775363866,1.00980662037294e-06,0.000157938564029282
"242093_at",3.57100468198233,0.837001633505795,0.185308123060435,4.51681027082025,6.27781062333309e-06,0.000775659191725876
"242098_at",3.80170555415672,0.565958104573313,0.153793761397455,3.67998090059509,0.000233251423126268,0.0160639347861426
"242103_at",4.06112192900372,0.697250844828199,0.14797979445116,4.71179763030636,2.45541152407219e-06,0.000341970282013362
"242196_at",2.87234109630251,0.738798827998349,0.183815610163554,4.01923877597222,5.83864763652417e-05,0.00510253787019875
"242216_at",4.9844398454672,0.477243837582418,0.13721426072109,3.47809210991918,0.000504996361252179,0.0297517587180768
"242260_at",3.32829672908188,-0.745054436648894,0.169401561228344,-4.39815566778988,1.09174664919136e-05,0.00123295422439049
"242335_at",3.64380594024781,-0.597926304469737,0.164160554408514,-3.64232629832497,0.00027018528939687,0.0180492932140479
"242350_s_at",5.66599764799272,0.555597933508031,0.123006740245856,4.51680885451924,6.27785259452363e-06,0.000775659191725876
"242457_at",4.61852239786763,-0.477744110279416,0.140951848610842,-3.38941358334671,0.000700422817836263,0.0380778826788945
"242473_at",3.27794611601199,0.890244768515585,0.167231230558852,5.32343609229312,1.0182523716343e-07,2.04376589805984e-05
"242600_at",3.70611941679125,-0.77117373381308,0.16343644123941,-4.71849318282343,2.37597928924608e-06,0.00033445302752266
"242710_at",4.38178995667478,-0.607677530046959,0.150744133657056,-4.03118526276737,5.54962764660822e-05,0.00490432789379858
"242828_at",4.18984055949131,-0.536230745119194,0.156524906266271,-3.42584932909648,0.000612880258588869,0.0344103454587203
"242874_at",6.42103448893638,0.582249464258427,0.120546941239015,4.83006419137561,1.36489041345078e-06,0.00020532744563263
"242888_at",4.30257927590359,-0.631292255843335,0.150642460481866,-4.19066612311028,2.78136686890875e-05,0.00276132981791359
"243198_at",4.10008661082179,0.58906300017734,0.153706905677243,3.83237823689111,0.000126910417647165,0.00969992193010697
"243209_at",3.52538420366458,-0.705139532268168,0.164155583625954,-4.29555618330294,1.74255896304304e-05,0.00184131954341497
"243291_at",3.78507907879395,0.589056831399881,0.159936720895675,3.683061826584,0.000230449238564536,0.0159629636006725
"243349_at",4.07269352141516,0.742107102467933,0.15406141952514,4.81695615135388,1.4576470456135e-06,0.000218447531010687
"243444_at",5.24325324977085,0.4395890525941,0.130687990654439,3.3636530058561,0.000769181860965661,0.0412469848545586
"243634_at",6.17298052005763,0.587662384783192,0.127308666516466,4.616043831605,3.91124373644769e-06,0.000520803245366044
"243729_at",6.07166904463364,0.59584588170884,0.126168685527042,4.72261305743041,2.32833579421018e-06,0.000328921243702509
"243754_at",2.75415650418482,-0.697667117875527,0.185823961916547,-3.75445185152626,0.000173721233496061,0.0128221885711868
"244008_at",2.91200813986387,0.664627780149905,0.180118134451834,3.6899548297711,0.000224293874600056,0.0156743240664656
"244231_at",2.65273698116009,-0.836370315215007,0.192955853725489,-4.33451641433422,1.46080888838466e-05,0.00159286995446099
"244384_at",4.95079432024004,-0.650607161322192,0.141412905870621,-4.60076226647542,4.20947641650488e-06,0.000551203666046921
"244689_at",5.49106498137496,-0.444674865176557,0.132983585326508,-3.34383273006792,0.000826295416358502,0.043423476720472
"244845_at",6.13908744910885,0.430852302103023,0.127489328009829,3.37951661389106,0.000726134184748191,0.0392590572807479
"32094_at",3.23812565250998,-0.726448720046668,0.180246327954773,-4.03031078796206,5.57031531888752e-05,0.00491159749392915
"39763_at",3.14855001384759,0.98322346108747,0.185374016532124,5.30399825974037,1.13293392721368e-07,2.19967772449261e-05
"51158_at",5.28279556128786,0.483068241850628,0.139104876456282,3.47269092325779,0.000515268373888707,0.0302664496102079
"55616_at",8.22308520997914,0.906543073113268,0.108075581698065,8.38804713210717,4.94284059133972e-17,4.32926931260141e-14
"60474_at",5.50742843495126,-0.504048841382516,0.132958900255571,-3.79101241371315,0.000150034454238872,0.0112423155501348
